Time,Title,Types,Number of reads,Comments,Author
10-04 22:19,中航国际(00161-HK)被长和减持530万股,资讯,2553,1,中航国际控股资讯
10-03 19:13,长和再减持中航国际(00161)530万股 涉资3292万元,资讯,2928,3,中航国际控股资讯
10-03 17:54,截至2019年9月30日止月份之股份發行人的證券變動月報,公告,1512,0,长和资讯
09-30 21:30,长和(00001)减持中航国际(00161)156万股 每股作价5.69,资讯,2585,1,中航国际控股资讯
09-24 14:42,中航国际(00161-HK)被长和减持30万股,资讯,1516,0,中航国际控股资讯
09-24 13:34,中航国际飙逾11%创年半高 惟长和上周三减持,资讯,1340,0,财经评论
09-24 10:20,长和有资金追捧 现升逾1%破廿天线,资讯,873,0,财经评论
09-10 09:17,报道指长和夥大马电讯商 洽合并印尼业务,资讯,1523,0,长和资讯
09-06 12:21,李嘉诚基金会最近很忙！再增持长实(01113)95万股 增持,资讯,4712,2,财经评论
09-06 10:07,长和扬近3% 李嘉诚基金会斥逾1亿元增持长实及长和,资讯,1093,0,财经评论
09-03 19:08,传淡马锡搁置出售所持屈臣氏集团股份,资讯,1945,0,长和资讯
09-03 14:33,截至2019年8月31日止月份之股份發行人的證券變動月報,公告,1194,0,长和资讯
09-02 18:53,和黄医药在中国启动治疗免疫性血小板Ｉ期临床试验,资讯,1091,0,长和资讯
08-30 09:26,长和两手共100万股市前交易 涉资6873万元,资讯,1069,0,长和资讯
08-29 09:29,长和两手近247万股市前交易 涉资1.69亿元,资讯,1183,0,长和资讯
08-20 16:22,屈臣氏：去年Z世代在集团旗下品牌消费力增长23％,资讯,2180,0,长和资讯
08-15 17:00,致非登記持有人之通知信函及申請表格:2019年中期報告,公告,1158,0,长和资讯
08-15 16:59,致登記股東之通知信函及申請表格:2019年中期報告之發,公告,1031,0,长和资讯
08-15 16:57,致新登記股東之信函及回條:選擇公司通訊之語言版本及,公告,1015,0,长和资讯
08-15 16:55,2019年中期報告,公告,2276,0,长和资讯
08-12 09:40,长和一手逾58万股市前交易 涉近3948亿元,资讯,1339,1,长和资讯
08-11 09:26,长和维持买入评级，目标价126港元,研报,7337,0,长和资讯
08-08 14:09,马来西亚12名校长和140位华文学校教师集体,资讯,1357,0,财经评论
08-08 10:28,长和一手逾151万股市前交易 涉约1亿元,资讯,1264,0,财经评论
08-06 09:48,长和裂口低开近4% 暂十连跌创逾四年半新低,资讯,1629,0,财经评论
08-04 09:37,长和给予增持评级，目标价106港元,研报,7057,0,长和资讯
08-02 15:54,里昂：降长和(00001)目标价至82港元 维持“,资讯,2231,0,财经评论
08-02 15:54,瑞银：下调长和(00001)目标价至98港元 重申,资讯,1317,0,长和资讯
08-02 15:01,截至2019年7月31日止月份之股份發行人的證,公告,969,0,长和资讯
08-02 13:16,里昂：降长和(0001.HK)目标价至82港元 评级,资讯,1293,0,长和资讯
08-02 11:59,汇丰研究：下调长和目标价至92港元 评级“,资讯,1340,0,财经评论
08-02 11:45,高盛：长和若释放电讯资产价值料反应正面 ,资讯,1323,0,长和资讯
08-02 11:35,野村：维持长和(00001)“买入”评级 目标价,资讯,1189,0,财经评论
08-02 11:06,花旗：长和业绩仍面临英镑贬值压力 降盈测,资讯,1121,0,长和资讯
08-02 10:45,花旗：降长和(00001)目标价至108港元 维持,资讯,1268,0,财经评论
08-02 09:44,花旗：长和业绩仍面临英镑贬值压力 降盈测,资讯,1044,0,财经评论
08-02 09:41,大摩下调长和(00001-HK)目标价 股价跌1%,资讯,591,0,财经评论
08-01 17:11,李泽钜：宽松货币政策或舒缓经济冲击 惟风,资讯,1690,0,长和资讯
08-01 17:05,长和中期港口服务EBIT升10% 基建跌25%,资讯,1265,0,长和资讯
08-01 17:01,长和2019上半年普通股股东应占溢利183.24亿,资讯,1213,0,长和资讯
08-01 16:57,长和(00001.HK)：按IFRS16后 中期EBITDA同,资讯,1200,0,长和资讯
08-01 16:45,长和中期多赚2％至183亿符预期 派息0.87元,资讯,1100,1,长和资讯
08-01 16:37,截至2019年6月30日止六個月之未經審核業績,公告,1550,0,长和资讯
08-01 13:35,长和、长实和长江基建股价纷纷下跌,资讯,2481,0,财经评论
08-01 10:12,长和就出售海外合资经济权益与长建、电能订补充协议,资讯,1099,0,长和资讯
07-31 17:52,聯合公告 - 長江基建協議及電能實業協議之補充協議,公告,1050,0,长和资讯
07-31 13:06,瑞银：予长和(00001)“买入”评级 目标价107港元,资讯,1165,0,财经评论
07-31 12:38,瑞银：予长和(0001.HK)“买入”评级 目标价107港元,资讯,1079,0,财经评论
07-29 16:21,大摩：予长和(00001)“增持”评级 目标价106港元,资讯,1115,0,长和资讯
07-29 15:22,大摩料长和中期盈利按年仅升2% 受累汇率仍吁增持,资讯,1243,0,财经评论
07-29 13:33,大摩：料长和(0001.HK)中期纯利仅增2% 估值和派息为股,资讯,1525,0,财经评论
07-29 12:28,美银美林：重申长和(00001)“买入”评级 降目标价至96,资讯,1434,0,财经评论
07-29 12:17,美银美林：长和(0001.HK)估值吸引但需等待催化剂 降目,资讯,1516,0,财经评论
07-25 09:24,长和两手逾70万股市前交易 涉资5365万元,资讯,1274,0,长和资讯
07-23 10:54,高盛：料长和中期纯利按年升2% 维持“买入”评级,资讯,1502,0,财经评论
07-23 09:23,长和两手共70万股市前交易 涉逾5331万元,资讯,1250,0,财经评论
07-19 17:27,高盛：维持长和(00001)“买入”评级 目标价104港元,资讯,1643,0,长和资讯
07-19 17:18,高盛：料长和(0001.HK)中期核心净利润升2％ 维持“买,资讯,1832,0,财经评论
07-19 12:17,里昂：下调长和目标价至87港元 重申“跑赢大市”评级,资讯,1437,0,财经评论
07-19 11:21,里昂：下调长和目标价至87港元 重申“跑赢大市”评级,资讯,1291,0,财经评论
07-18 17:02,长和(00001.HK)8月1日举行董事会会议 以批准中期业绩,资讯,1233,0,长和资讯
07-18 16:55,董事會會議召開日期,公告,1150,0,长和资讯
07-10 12:38,和黄中国医药股份“一拆十” 为回港上市铺路,资讯,3393,0,财经评论
07-08 14:59,长和随市挫近2% 失守多条主要平均线,资讯,1347,0,长和资讯
07-03 15:24,截至2019年6月30日止月份之股份發行人的證券變動月報,公告,1233,0,长和资讯
07-03 09:51,长和一手近91万股市前交易 涉资7009万元,资讯,1328,0,财经评论
06-27 20:32,长和(00001)旗下Wind Tre与Fastweb签约合建意大利5G网,资讯,1515,0,长和资讯
06-27 09:29,长和两手近60万股市前交易 涉资逾4598万元,资讯,1185,0,财经评论
06-26 10:40,WindTre与Fastweb合作部署推出意大利全国5G网络,资讯,1387,0,财经评论
06-24 09:57,长和回吐逾1% 公司早前搁置旗下医药公司上市,资讯,1401,0,财经评论
06-24 09:45,恒指低开0.26%报28400点 黄金股、港口航运股逆市上涨,资讯,1908,0,财经评论
06-18 15:53,传和黄中国医药科技延迟在港上市 长和(00001)跑输大市,资讯,1944,1,长和资讯
06-18 15:17,传长和（00001）旗下和黄中国医药科技延迟在港上市 重,资讯,1617,0,长和资讯
06-13 17:44,汇证降低长和目标价,资讯,7157,0,财经评论
06-13 16:35,首域金融小评：欧洲央行长和欧洲央行执委科尔参加欧元,资讯,4123,0,财经评论
06-13 11:44,汇丰：微降长和目标价至95港元 评级维持“买入”,资讯,1522,0,财经评论
06-11 09:47,长和两手逾112万股市前交易 涉资近8578万元,资讯,2099,0,财经评论
06-10 15:52,与汇丰(00005)合作推零售积分互换 屈臣氏称无上市时间,资讯,1693,0,财经评论
06-10 13:47,屈臣氏：目前无上市时间表 亦无上市压力,资讯,1794,0,长和资讯
06-10 13:31,长和旗下Three宣布将于8月推出5G服务,资讯,1981,0,财经评论
06-10 08:57,长和（00001）旗下英国移动通讯服务商Three宣布将于8,资讯,1569,0,长和资讯
06-10 08:52,长和旗下英国移动通讯服务商Three宣布8月推出5G服务,资讯,1572,0,长和资讯
06-06 14:39,长和(00001-HK)获执董施熙德增持2万股,资讯,1460,0,长和资讯
06-06 10:15,和黄医药据报今日开始评估投资者需求,资讯,1719,0,长和资讯
06-05 16:41,高盛：长和估值回到5年低 降目标至104元吁买入,资讯,7477,1,财经评论
06-05 10:59,高盛：维持长和“买入”评级 降目标价至104港元,资讯,1386,0,财经评论
06-04 12:45,截至2019年5月31日止月份之股份發行人的證券變動月報,公告,1358,0,长和资讯
05-31 15:10,长和(00001-HK)获执行董事霍建宁增持5万股,资讯,1747,1,长和资讯
05-31 15:10,长和(00001-HK)获非执行董事李业广增持10万股,资讯,1388,0,长和资讯
05-31 10:31,长和(00001)获霍建宁连续三日增持 现弹逾1%,资讯,1485,0,财经评论
05-30 20:05,霍建宁连续三日增持长和共35万股 涉资近2600万元,资讯,1787,0,长和资讯
05-30 19:53,霍建宁增持长和(00001)共35万股，总值2596.2万港元,资讯,1499,0,长和资讯
05-30 19:51,霍建宁2596.18万港元增持长和(00001.HK)35万股,资讯,1729,1,长和资讯
05-30 13:18,屈臣氏与资生堂达成三年合作计划 携手研发创新美容产,资讯,1755,0,长和资讯
05-29 17:42,长和(00001)：Wind Tre 一季度经调整收益总额为11.77,资讯,1660,0,长和资讯
05-29 17:19,长和附属Wind Tre首季EBITDA5.3亿欧罗,资讯,2090,1,财经评论
05-29 16:36,自願性公告 - WIND TRE S.P.A.之2019年第一季度業績,公告,1673,0,长和资讯
05-27 11:08,短线与超短线该买甚么？沽甚么？,资讯,2174,0,财经评论
05-23 04:29,港股市场机构沽空报告全揭秘：曾把首富拉下马 也让投,资讯,11280,9,财经评论
05-22 19:12,长和(00001)附属和黄中国医药科技授出1.8万份认股权,资讯,1631,0,长和资讯
05-22 18:53,长和(00001.HK)：和黄中国医药科技授出1.8万份认股权,资讯,1734,0,长和资讯
05-22 18:43,和黃中國醫藥科技有限公司授出認股權,公告,1377,0,长和资讯
05-22 10:21,即市超短线造好与造淡的参考对象,资讯,2098,0,财经评论
05-21 14:15,李泽钜：买长和就是买全球货币,资讯,2963,0,财经评论
05-17 15:42,李泽钜怒怼空头：多读点书 才能看懂年报,资讯,1832,0,长和资讯
05-17 08:33,李泽钜股东会怼空头：“读多点书”才能看懂我们的年报,资讯,28327,8,长和资讯
05-16 19:41,2019年5月16日舉行之股東週年大會 – 投票表決結果,公告,1458,0,长和资讯
05-16 16:05,李泽钜公开回应GMT沽空：公司财报一定专业准确,资讯,2209,4,长和资讯
05-16 14:36,竟有机构狙击李嘉诚 香港分析师：GMT财技分析弱爆了,资讯,1972,0,财经评论
05-16 12:59,做空机构狙击李嘉诚称长和年报隐瞒负债 回应：严重误,资讯,2152,0,财经评论
05-16 09:07,李嘉诚长子李泽钜接班后长和首份年报被质疑隐瞒债务,资讯,2927,0,长和资讯
05-16 08:24,577亿港元债务被隐瞒？李泽钜接班后 长和首份年报遭质,资讯,3019,0,财经评论
05-16 07:55,李泽钜接班后长和首份年报遭质疑 评级屡被下调,资讯,5766,3,长和资讯
05-16 01:11,李嘉诚已离去 沽空长和的时机到了吗？,资讯,4434,1,长和资讯
05-16 00:14,大漠孤烟直 被沽空的长和（00001）如何演绎落日圆？,资讯,1717,0,长和资讯
05-15 22:15,竟有机构狙击李嘉诚、做空长和套利？香港分析师：沽空,资讯,3900,0,长和资讯
05-15 18:26,分析师宣战李嘉诚：你们公司577亿港元债务藏哪了？,资讯,2094,1,长和资讯
05-15 17:42,港股小幅收涨 长和系股票悉数下跌,资讯,1690,0,财经评论
05-15 16:31,长和隐瞒577亿债务？李嘉诚公司被沽空,资讯,2497,0,长和资讯
05-15 15:24,长和（00001.HK）遭唱空：碰瓷OR潜藏隐患？,资讯,1650,0,长和资讯
05-15 14:30,沽空机构狙击李嘉诚长和全文翻译：建议投资者卖出,资讯,2879,0,财经评论
05-15 14:02,长和就GMT研究报告发布澄清公告：强烈否认导言所含的,资讯,2807,0,长和资讯
05-15 13:56,小小分析师宣战“超人”李嘉诚：你们公司577亿港元债,资讯,8750,4,长和资讯
05-15 13:38,做空机构今日瞄准李嘉诚 长和深夜否认隐瞒577亿港元债,资讯,2753,0,财经评论
05-15 13:29,长和被沽空机构妄狙击 监管何时保障投资者,资讯,2790,0,财经评论
05-15 13:25,GMT Research狙击长和全文：建议投资者卖出,资讯,3333,0,长和资讯
05-15 12:46,李嘉诚公司被唱空 长和隐瞒577亿债务？,资讯,4259,0,财经评论
05-15 10:25,发布澄清公告指GMT沽空报告具严重误导性 长和(00001),资讯,3015,0,财经评论
05-15 10:22,长和微跌不足1% 否认沽空机构GMT研究报告,资讯,3332,0,财经评论
05-15 09:58,被指隐瞒577亿债务？李嘉诚旗下公司深夜澄清：严重误,资讯,3913,0,长和资讯
05-15 09:44,长和(0001.HK)发公告澄清沽空机构GMT指控 股价高开0.2,资讯,2988,0,财经评论
05-15 09:23,长和否认沽空机构GMT导言 重申严格遵守会计准则,资讯,3275,0,长和资讯
05-15 08:54,狙击李嘉诚？GMT沽空长和前夜 做空股数离奇暴增,资讯,4647,2,长和资讯
05-15 08:40,长和隐瞒577亿港元债务？李嘉诚公司被机构沽空,资讯,3939,0,长和资讯
05-15 05:14,长和隐瞒577亿债务？李嘉诚公司被沽空,资讯,15308,3,长和资讯
05-15 00:28,长和回应隐藏577亿港元债务沽空报告：强烈否认所含影,资讯,4606,0,长和资讯
05-14 23:51,长和发布澄清公告：财务报表严格遵守适用香港财务报告,资讯,4157,0,长和资讯
05-14 23:40,遭沽空机构GMT指认“有机会隐藏577亿港元债务” 长和,资讯,4161,1,长和资讯
05-14 23:32,长和(00001)澄清：GMT作出的指控具有严重误导性,资讯,1388,0,长和资讯
05-14 23:18,长和(00001.HK)：完全否认导言内会计违规所含的任何影,资讯,1505,0,长和资讯
05-14 23:10,澄清公告,公告,2024,0,长和资讯
05-14 18:20,沽空机构GMT：长和隐瞒577亿元债务以获较高评级及低价,资讯,2398,0,财经评论
05-14 17:47,沽空机构GMT：长和(0001.HK)隐瞒577亿港元债务 为获取,资讯,2483,0,长和资讯
05-14 17:36,沽空机构GMT指长和(00001)隐瞒577亿港元债务 为获取廉,资讯,2209,0,长和资讯
05-14 17:09,沽空机构GMT指长和隐瞒577亿港元债务 为获取廉价贷款,资讯,57029,172,财经评论
05-09 13:58,长和跌逾1％ 澳洲合并计划被否决拟提上诉,资讯,2664,0,财经评论
05-08 16:53,TPG与长和旗下澳洲VHA合并受阻 VHA拟向联邦法院提上诉,资讯,2128,0,长和资讯
05-03 18:48,海峡石油化工(00852.HK)延长收购长和物业投资全部股本,资讯,1916,0,海峡石油化工资讯
05-03 18:29,截至2019年4月30日止月份之股份發行人的證券變動月報,公告,2256,0,长和资讯
04-29 10:04,香港恒生指数开盘涨0.43% 长和等涨逾1%领涨蓝筹股,资讯,3880,0,长和资讯
04-29 08:30,赫斯基能源上季赚19亿元 按季增52％,资讯,4380,0,财经评论
04-23 09:08,背靠李嘉诚仍亏损 和黄医药拟闯港股,资讯,3273,0,财经评论
04-23 09:04,背靠李嘉诚仍亏损：和黄医药拟闯港股 研发开支飙升,资讯,3250,0,财经评论
04-18 15:19,亏损两年力求上市 李嘉诚 创新药能否救和黄医药于“水,资讯,1268,0,长和资讯
04-17 13:17,欧宗洪家族信托增持融信中国167万股 每股11.791港元,资讯,2938,0,财经评论
04-15 15:44,和黄中国医药科技申请上市 长和持股或降至五成以下,资讯,2288,0,财经评论
04-15 15:19,长和旗下和黄中国医药科技申请在港上市,资讯,1227,0,长和资讯
04-12 10:49,富瑞升长和盈测约1至4%,资讯,2794,0,长和资讯
04-10 16:38,长和2018年营收增长9% 主要收入来源于零售,资讯,1341,0,长和资讯
04-10 12:02,长和李泽钜去年酬金1.12亿元 加幅10.9%胜霍建宁,资讯,1677,1,财经评论
04-09 17:32,致非登記持有人之通知信函及申請表格:2018年年報、通,公告,784,0,长和资讯
04-09 17:30,致登記股東之通知信函及申請表格:2018年年報、通函、,公告,775,0,长和资讯
04-09 17:30,股東週年大會通告;重選董事、董事酬金及一般性授權發,公告,782,0,长和资讯
04-09 17:30,致新登記股東之信函及回條:選擇公司通訊之語言版本及,公告,711,0,长和资讯
04-09 17:30,代表委任表格,公告,729,0,长和资讯
04-09 17:23,2018年年報,公告,1246,0,长和资讯
04-09 17:18,屈臣氏与资生堂共同研发医学护肤产品系列 将引入产品,资讯,1715,0,财经评论
04-09 09:40,长和两手共111万股市前交易 涉逾9540万,资讯,2777,0,长和资讯
04-02 14:43,截至2019年3月31日止月份之股份發行人的證券變動月報,公告,696,0,长和资讯
04-01 14:07,长和有两手共117万股市前交易 涉9691万元,资讯,2407,0,长和资讯
03-29 23:10,聯合公告 – 長江實業協議之補充協議,公告,1576,0,长和资讯
03-27 10:39,屈臣氏不排除上市 淡马锡减持对业务影响不大,资讯,2101,0,长和资讯
03-26 04:43,李泽钜接棒一年 长和系继续全球收购,资讯,4259,0,长和资讯
03-24 11:45,"长和下调目标价至107元，评级""买入""",研报,9247,1,长和资讯
03-22 15:12,中移业绩后偏软 留意中移购22961,资讯,2493,0,财经评论
03-22 15:07,年度股东应占溢利同比增11% 长和(00001)高,资讯,2167,0,长和资讯
03-22 14:05,长和涨逾2% 去年纯利升11%至390亿港元,资讯,2335,0,财经评论
03-22 11:41,野村：长和去年业绩保持稳健 吁买入及目标1,资讯,2561,0,长和资讯
03-22 11:37,里昂：升长和(00001)目标价至94元 评级维持,资讯,2407,0,财经评论
03-22 11:36,瑞银：下调长和(00001)目标价至107元 评级,资讯,2335,0,财经评论
03-22 11:29,瑞银：下调长和(00001.HK)目标价至107港元 ,资讯,2113,0,长和资讯
03-22 11:23,里昂：升长和(00001.HK)目标价至94港元 维,资讯,1995,0,长和资讯
03-22 11:07,野村：长和去年业绩保持稳健 吁买入及目标,资讯,2589,0,长和资讯
03-22 10:22,长和绩后升近2% 大摩维持增持投资评级,资讯,5002,0,财经评论
03-21 22:03,长和去年盈利390亿港元 同比升11%,资讯,5114,0,长和资讯
03-21 21:56,李泽钜首次以主席身份出席业绩会 表示担任,资讯,2729,0,财经评论
03-21 21:54,长和：2018年净利润390亿港元 同比增11%,资讯,2044,0,长和资讯
03-21 20:59,李泽钜：未来著眼资产增值 酒店业务未反映,资讯,2473,0,财经评论
03-21 19:23,李泽钜：难预测本港楼市 港人有住屋需要惟,资讯,1917,0,长和资讯
03-21 18:51,李泽钜：没志在必得的收购 若有分拆业务上,资讯,2814,0,财经评论
03-21 17:37,【长和业绩】欧洲3G集团EBIT升7%至176.63亿,资讯,2039,0,长和资讯
03-21 17:31,李泽钜：上任后策略一定没改变 继续发展不,资讯,2080,0,长和资讯
03-21 17:29,长和去年港口业务EBIT6升%至87.26亿元,资讯,1839,0,长和资讯
03-21 17:14,长和：2018年净利390亿港元 同比增长11%,资讯,1750,0,长和资讯
03-21 17:08,大摩：传腾讯竞购屈臣氏 长和目标价有上行5,资讯,2434,0,财经评论
03-21 17:07,长和去年纯利升11%至390亿 派末期息2.3元,资讯,1754,0,长和资讯
03-21 17:05,长和(00001.HK)2018年纯利升11%至390亿港元,资讯,1976,0,长和资讯
03-21 16:57,长和(00001)年度股东应占溢利增11%至390亿,资讯,1733,0,长和资讯
03-21 16:38,截至2018年12月31日止年度之業績,公告,1618,0,长和资讯
03-21 13:41,长和奋力上试200天线 留意购16773,资讯,4003,0,财经评论
03-21 09:41,长和多手共132万股市前交易 涉近1.09亿,资讯,4173,0,长和资讯
03-20 15:29,明日披露年报 长和(00001)绩前抢跑涨3%,资讯,1919,0,长和资讯
03-20 14:30,里昂：升长和(00001)目标价至86元 评级“跑,资讯,2225,0,财经评论
03-20 13:52,长和涨2.24% 明天公布去年业绩 券商唱好,资讯,2394,0,财经评论
03-20 13:29,长和升2%破廿天线 传腾讯竞购淡马锡所持屈,资讯,2974,0,财经评论
03-20 11:28,里昂：升长和(00001.HK)目标价至86港元 评,资讯,1938,0,长和资讯
03-17 10:57,长和给予增持评级，目标价106元,研报,8736,0,长和资讯
03-15 16:39,11家券商对长和(00001.HK)最新投资评级及目,资讯,2750,0,长和资讯
03-14 16:50,大摩：予长和(00001)评级“增持” 目标价10,资讯,2042,0,长和资讯
03-14 16:33,大摩：预计长和去年经常性盈利升11% 目标价,资讯,3246,0,长和资讯
03-14 16:03,大摩料长和去年经常性盈利升11% 目标价106,资讯,4077,0,财经评论
03-14 10:39,美银美林：下调长和(00001)目标价至100元 ,资讯,4044,0,财经评论
03-14 10:29,美银美林：下调长和(00001.HK)目标价至100,资讯,2081,0,长和资讯
03-11 17:34,长和旗下屈臣氏与欧莱雅合作推虚拟实景试妆,资讯,3948,0,长和资讯
03-07 17:54,长和(00001.HK)3月21日举行董事会会议 批准,资讯,3335,0,长和资讯
03-07 17:33,董事會會議召開日期,公告,812,0,长和资讯
03-06 17:22,长和霍建宁：怎会缩减内地业务？只会愈来愈,资讯,1917,0,长和资讯
03-05 21:24,海峡石油化工(00852.HK)拟7800万港元收购长,资讯,3520,0,海峡石油化工资讯
03-05 14:20,截至2019年2月28日止月份之股份發行人的證,公告,614,0,长和资讯
03-04 19:48,长和(00001)旗下欧洲3集团将联手西班牙电信,资讯,3487,0,长和资讯
03-04 17:13,长和将夥拍西班牙电信为大型企业提供数位通,资讯,5643,0,长和资讯
02-27 10:49,长和现涨近1% 连升两日破4个月高,资讯,3224,0,长和资讯
02-22 17:12,港股整固期或到本月底 短线29000有阻力,资讯,4355,0,财经评论
02-18 18:56,屈臣氏与爱茉莉太平洋集团组成策略联盟,资讯,6156,0,财经评论
02-18 16:58,长和旗下屈臣氏与韩国化妆品公司组成策略联,资讯,3866,0,长和资讯
02-12 11:11,长和(00001)现跌逾2% 暂表现最差蓝筹,资讯,3566,0,财经评论
02-05 08:02,李泽钜接班后首战告负？23岁李嘉诚孙女走向,资讯,16.2万,19,长和资讯
02-04 14:59,截至2019年1月31日止月份之股份發行人的證,公告,842,0,长和资讯
01-28 14:36,李嘉诚23岁孙女出任家族地产公司兆丰地产董,资讯,7225,0,长和资讯
01-25 16:37,更改香港主要營業地點,公告,1124,0,长和资讯
01-18 13:49,赫斯基购同业MEC交易告吹,资讯,5033,0,财经评论
01-17 14:56,议会投票后 脱欧走向及对港股影响,资讯,4692,0,财经评论
01-15 17:49,屈臣氏运用数据预测分析技术推广销售产品,资讯,3746,0,财经评论
01-15 10:29,英国议会脱欧投票前夕 长和现涨逾1%,资讯,5866,0,财经评论
01-10 21:59,摩通减持长和156万股 每股76.0344元,资讯,3172,0,长和资讯
01-10 20:03,摩根大通减持长和(00001)156万股 每股作价7,资讯,3310,0,长和资讯
01-09 16:14,长和（00001）旗下加拿大赫斯基能源研究出,资讯,4525,0,长和资讯
01-07 22:09,董事名單及其角色與職能,公告,1215,0,长和资讯
01-07 22:05,提名委員會 - 職權範圍,公告,692,0,长和资讯
01-07 22:02,審核委員會 - 職權範圍,公告,641,0,长和资讯
01-03 18:26,截至2018年12月31日止月份之股份發行人的證,公告,619,0,长和资讯
01-02 17:06,里昂：港综合股首选太古(00019.HK)长和(000,资讯,5794,0,财经评论
01-02 16:19,长和随市受压现跌逾1% 创近四年新低,资讯,3609,0,财经评论
12-10 20:09,小摩增持长和(00001)414万股 每股作价82.28,资讯,2498,0,长和资讯
12-04 17:25,截至2018年11月30日止月份之股份發行人的證,公告,1093,0,长和资讯
11-29 21:01,摩根大通减持长和(00001)391万股，每股作价,资讯,4910,0,长和资讯
11-29 13:23,高盛：降长和(00001)目标价至116港元 维持,资讯,5194,0,财经评论
11-28 15:25,里昂：降长和(00001)目标价至87港元 香港综,资讯,6731,0,长和资讯
11-27 16:04,小摩：恒指明年底目标27300点 首选长和(000,资讯,7287,2,财经评论
11-27 13:44,长和(00001.HK)：WIND TRE首9月EBITDA达 13,资讯,4713,0,长和资讯
11-27 13:39,长和(00001)：附属Wind Tre前三季度收益总,资讯,5228,0,长和资讯
11-27 07:57,自願性公告 – WIND TRE S.P.A.之2018年九,公告,2055,0,长和资讯
11-26 21:05,摩根大通增持长和(00001)977万股 每股作价8,资讯,6514,0,长和资讯
11-20 19:47,擬透過信託計劃方式由競投公司收購APA於澳,公告,1602,0,长和资讯
11-16 10:38,舍弃美妆电商 美图如何继续“美”？,资讯,9994,0,财经评论
11-12 08:24,李嘉诚收购澳洲最大燃气公司受阻海外投资4800亿曾被批,资讯,23150,1,财经评论
11-05 17:39,截至2018年10月31日止月份之股份發行人的證券變動月報,公告,1365,0,长和资讯
10-22 18:05,长和(00001.HK)：和黄中国医药科技授出4.3,资讯,9455,0,长和资讯
10-22 17:20,和黃中國醫藥科技有限公司授出認股權,公告,1307,0,长和资讯
10-16 23:08,“社交媒体+零售” 美图与李嘉诚家族旗下长,资讯,13514,2,美图公司资讯
10-16 21:38,美图公司(01357.HK)与长和(00001.HK)组成策,资讯,7760,0,美图公司资讯
10-16 21:17,美图公司(01357)与长江和记(00001)组成策略,资讯,6595,0,美图公司资讯
10-16 15:36,美图与长江和记达成战略合作 将美图定制服,资讯,6810,2,美图公司资讯
10-16 14:47,长江和记集团与美图结盟  提升线上线下互动,资讯,6443,0,财经评论
10-04 20:23,摩根大通减持长和(00001)415万股，每股作价,资讯,9651,0,长和资讯
10-02 14:11,里昂：予长和(00001.HK)“跑输大市”评级及,资讯,9379,0,长和资讯
10-02 14:06,旗下赫斯基拟64亿加元敌意收购MEG能源 长和,资讯,8628,0,长和资讯
10-02 13:43,里昂：长和(00001)旗下赫斯基提购MEG对现金,资讯,6722,0,长和资讯
09-19 18:19,长和(00001)9月19日注销143.8万股,资讯,4781,0,长和资讯
09-19 18:10,长和(00001.HK)9月19日注销143.8万股,资讯,4522,0,长和资讯
09-19 18:00,翌日披露報表 – 已發行股本變動,公告,1306,0,长和资讯
09-14 09:29,花旗：予长和(00001.HK)“买入”评级 目标,资讯,6046,0,长和资讯
09-12 14:37,澳洲并购获初步批准 长和(00001.HK)涨近2%,资讯,6933,0,财经评论
09-07 16:43,长和(00001.HK)完成收购VEON于VIP-CKH Luxe,资讯,5097,0,长和资讯
09-07 16:37,完成收購VEON於VIP-CKH LUXEMBOURG S.A R.L,公告,1913,0,长和资讯
09-07 11:20,瑞银：降长和(00001.HK)目标价至111港元 评,资讯,5800,1,长和资讯
09-07 05:29,长和(00001.HK)9月6日耗资2571.97万港元回,资讯,5312,1,长和资讯
09-06 18:20,长和(00001)9月6日耗资2571.97万港元回购28,资讯,3804,1,长和资讯
09-06 17:56,翌日披露報表,公告,1080,0,长和资讯
09-05 22:28,长和(00001.HK)9月5日耗资4969.58万港元回,资讯,4900,1,长和资讯
09-05 18:32,长和(00001)9月5日耗资4970万港元回购55万,资讯,5109,0,长和资讯
09-05 18:19,翌日披露報表,公告,1058,0,长和资讯
09-05 15:38,小摩：长和（00001）回购或可称为重估催化,资讯,4718,0,长和资讯
09-04 19:11,长和(00001)9月4日耗资5458.97万港元回购60,资讯,4436,1,长和资讯
09-04 19:02,长和(00001.HK)9月4日耗资5458.97万港元回,资讯,3983,0,长和资讯
09-04 18:40,翌日披露報表,公告,969,0,长和资讯
09-04 17:21,花旗：料长建(01038)向长和(00001)买基建资,资讯,4163,0,长和资讯
09-04 15:43,截至2018年8月31日止月份之股份發行人的證,公告,935,0,长和资讯
08-31 23:17,长江企业控股附属与长实集团(01113)、长和(,资讯,14136,0,长实集团资讯
08-31 22:38,有關經濟收益協議之聯合公告 - 關連交易,公告,1617,0,长和资讯
08-31 22:14,就收購VEON 於VIP-CKH LUXEMBOURG S.A R.L.,公告,1643,0,长和资讯
08-27 14:15,富瑞：不认为长和(00001.HK)零售分拆在短期,资讯,4073,1,长和资讯
08-24 16:06,传长和收购电讯商Wind全部股权的交易将获欧,资讯,4262,0,长和资讯
08-20 15:16,Positive surprises in a tough environmen,研报,2071,0,长和资讯
08-16 17:17,致非登記持有人之通知信函及申請表格: 2018,公告,1051,0,长和资讯
08-16 17:16,致登記股東之通知信函及申請表格: 2018年中,公告,1231,0,长和资讯
08-16 17:14,致新登記股東之信函及回條:選擇公司通訊之,公告,849,0,长和资讯
08-16 17:10,2018年中期報告,公告,2075,0,长和资讯
08-16 01:28,试水彩妆概念店 屈臣氏谋求“美丽”蜕变,资讯,10725,1,财经评论
08-07 18:35,和黃中國醫藥科技有限公司授出認股權,公告,1636,0,长和资讯
08-07 07:40,李泽钜的第1份成绩单：长实业绩下降19% 长,资讯,19.6万,15,财经评论
08-06 12:36,长和(00001)升近3% 突破50天线,资讯,10290,0,财经评论
08-06 09:39,评级降至跑赢大市，目标价降至95元,研报,4095,0,长和资讯
08-02 16:37,截至2018年6月30日止六個月之未經審核業績,公告,2187,0,长和资讯
08-02 12:27,截至2018年7月31日止月份之股份發行人的證,公告,977,0,长和资讯
08-01 18:41,自願性公告 – WIND TRE S.P.A.之2018年上,公告,1713,0,长和资讯
07-11 17:11,董事會會議召開日期,公告,1951,1,长和资讯
07-08 09:33,长和目标价127元，评级买入,研报,5784,1,长和资讯
07-08 09:09,长和维持跑赢大市评级，目标价131元,研报,3134,0,长和资讯
07-05 15:01,富瑞：长和(00001.HK)将会受惠于收购Wind T,资讯,4735,1,财经评论
07-05 14:14,Acquisition of the other half of Wind Tr,研报,1512,1,长和资讯
07-05 10:27,购Wind Tre余下权益获多行看好 长和(00001.,资讯,6303,1,财经评论
07-05 10:25,巨额收购料增厚盈利 长和(00001.HK)盘初回,资讯,5800,0,财经评论
07-04 17:02,富瑞：予长和(00001.HK)“买入”评级 目标,资讯,3889,0,财经评论
07-04 15:16,瑞信：维持长和(00001)“跑赢大市”评级,资讯,7578,0,财经评论
07-04 11:03,汇证：降长和(00001.HK)目标价至111港元 评,资讯,4403,0,财经评论
07-04 10:19,截至2018年6月30日止月份之股份發行人的證,公告,932,0,长和资讯
07-03 19:09,长和收购意大利电信巨头全部股权,资讯,4928,3,财经评论
07-03 17:18,李嘉诚退休后长和仍在欧洲扫货  收购意大利,资讯,6875,0,财经评论
07-03 16:57,长江和记24.5亿欧元收购意大利电信巨头Wind,资讯,6057,1,财经评论
06-13 06:50,內幕消息公告,公告,3173,0,长和资讯
06-07 17:33,长和(00001.HK)附属和黄中国医药授出约3.69,资讯,9018,0,长和资讯
06-07 17:31,长和(00001)：和黄中国医药授出3.69万份认,资讯,11328,1,长和资讯
06-07 17:16,和黃中國醫藥科技有限公司授出認股權,公告,1520,0,长和资讯
06-04 16:15,截至2018年5月31日止月份之股份發行人的證,公告,1243,0,长和资讯
05-29 15:22,美银美林：降长和(00001)目标价至116元 评,资讯,3882,0,长和资讯
05-28 14:00,大摩：重申长和(00001.HK)“增持”评级 目,资讯,2290,0,长和资讯
05-18 21:21,摩根大通减持长和(00001)639万股，每股作价,资讯,5915,0,长和资讯
05-11 20:45,自願性公告 – WIND TRE S.P.A. 之2018年第,公告,2726,0,长和资讯
05-11 18:58,长和(00001.HK):Wind Tre首季收益总额为14.,资讯,13259,0,长和资讯
05-10 22:50,李嘉诚长子李泽钜出任长和(00001)主席及薪,资讯,4595,0,长和资讯
05-10 20:27,董事名單及其角色與職能,公告,1923,0,长和资讯
05-10 20:22,委任主席及薪酬委員會成員,公告,1660,0,长和资讯
05-10 20:07,2018年5月10日舉行之股東週年大會 – 投票,公告,1180,0,长和资讯
05-04 10:29,小米与长和(00001.HK)宣布合作 产品全球化,资讯,5923,1,长和资讯
05-03 17:57,截至2018年4月30日止月份之股份發行人的證,公告,828,0,长和资讯
05-03 16:44,长和(00001)将在17700家门店销售小米设备,资讯,8514,0,长和资讯
04-23 21:01,长和(00001.HK)附属和黄中国医药授出76.269,资讯,7983,1,长和资讯
04-23 20:43,长和(00001)：和黄中国医药授出约76.27万份,资讯,6061,0,长和资讯
04-23 20:25,和黃中國醫藥科技有限公司授出認股權,公告,1273,0,长和资讯
04-15 13:21,长和估值吸引，维持买入评级,研报,6550,1,长和资讯
04-06 16:58,致非登記持有人之通知信函及申請表格:2017,公告,1930,1,长和资讯
04-06 16:52,股東週年大會通告,公告,1132,0,长和资讯
04-04 19:46,截至2018年3月31日止月份之股份發行人的證,公告,984,0,长和资讯
03-25 10:32,长和维持目标价109元，评级增持,研报,4264,0,长和资讯
03-21 17:57,Stronger FCF should be visible in 2018/1,研报,1922,0,长和资讯
03-20 18:48,和黃中國醫藥科技有限公司授出認股權,公告,1439,0,长和资讯
03-19 16:22,高盛：长和(00001)主要业务均有改善 维持目,资讯,4403,0,长和资讯
03-19 11:58,FY17 results in line; growth sustained,研报,1508,0,长和资讯
03-19 11:07,德银：降长和(00001)目标价至108港元 评级,资讯,4503,0,长和资讯
03-16 16:48,主席及執行董事退任,公告,3660,0,长和资讯
03-16 16:40,截至2017年12月31日止年度之業績,公告,3241,0,长和资讯
03-14 16:19,大行对长和(00001)最新投资评级及目标价,资讯,5017,1,长和资讯
03-02 18:45,截至2018年2月28日止月份之股份發行人的證券變動月報,公告,1311,0,长和资讯
03-01 17:08,董事會會議召開日期,公告,1433,0,长和资讯
02-21 19:47,自願性公告 – WIND TRE S.P.A. 之2017年年度業績,公告,2328,0,长和资讯
02-07 17:02,Improved fundamentals and benefits from ,研报,1846,0,长和资讯
02-02 12:31,截至2018年1月31日止月份之股份發行人的證,公告,1114,0,长和资讯
01-16 10:29,里昂：升长和(00001)目标价至130元 评级“,资讯,9740,0,长和资讯
01-08 16:53,FY16: a beat at the headline level but u,研报,2607,0,长和资讯
01-03 15:54,截至2017年12月31日止月份之股份發行人的證,公告,1320,0,长和资讯
12-15 19:56,持續關連交易,公告,2425,0,长和资讯
12-04 18:26,截至2017年11月30日止月份之股份發行人的證,公告,2493,1,长和资讯
11-07 20:22,自願性公告 - WIND TRE S.P.A.之2017年九個月業績,公告,2614,0,长和资讯
11-02 17:42,截至2017年10月31日止月份之股份發行人的證券變動月報,公告,1435,0,长和资讯
10-06 13:02,截至2017年9月30日止月份之股份發行人的證券變動月報,公告,4409,1,长和资讯
09-28 14:32,蚂蚁金服牵手长江和记共同运营“支付宝HK”,资讯,17015,6,长和资讯
09-26 18:04,蚂蚁金服与长江和记成立合资公司 在香港提供电子金融,资讯,8418,13,长和资讯
09-04 12:02,截至2017年8月31日止月份之股份發行人的證券變動月報,公告,1547,0,长和资讯
08-28 17:13,自願性公告 – 印度稅務局向和記電訊國際有限公司發出,公告,2470,0,长和资讯
08-17 17:24,致登記股東之通知信函及申請表格:2017年中期報告之發,公告,1041,0,长和资讯
08-17 17:24,致非登記持有人之通知信函及申請表格:2017年中期報告,公告,978,0,长和资讯
08-17 17:17,致新登記股東之信函及回條:選擇公司通訊之語言版本及,公告,752,0,长和资讯
08-17 17:17,2017年中期報告,公告,2495,0,长和资讯
08-08 15:43,1H17 results review: looking for another,研报,2034,0,长和资讯
08-06 14:16,长和升目标价至123元，评级买入,研报,3908,0,长和资讯
08-06 13:57,长和降评级至持有，目标价115元,研报,2837,0,长和资讯
08-06 13:57,长和升目标价至126元，下半年盈利前景转强,研报,6378,0,长和资讯
08-04 15:40,More cautious on growth outlook;downgrad,研报,1739,0,长和资讯
08-03 17:13,截至2017年6月30日止六個月之未經審核業績,公告,1860,0,长和资讯
08-02 19:02,自願性公告 – WIND TRE S.P.A.之2017年上,公告,2223,0,长和资讯
08-02 12:59,截至2017年7月31日止月份之股份發行人的證,公告,1000,0,长和资讯
07-31 09:26,长和预计中期多赚8%，吁买入目标115元,研报,2930,0,长和资讯
07-28 13:34,1H17 preview - robust 1H but 2H may be t,研报,1475,0,长和资讯
07-28 00:46,關連交易 – 就建議收購目標公司所有已發行,公告,965,0,长和资讯
07-20 22:55,长和目标价升至119元，维持买入评级,研报,2601,0,长和资讯
07-14 21:22,關連交易 - 關於買賣項目公司25%股權的聯合公告,公告,1928,0,长和资讯
07-05 17:29,董事會會議召開日期,公告,2014,0,长和资讯
07-04 19:23,截至2017年6月30日止月份之股份發行人的證券變動月報,公告,978,0,长和资讯
06-25 10:08,长和目标价111元，维持买入评级,研报,3474,0,长和资讯
06-25 08:36,长和目标价微升至117元，维持买入评级,研报,2937,0,长和资讯
02-03 16:16,中国化工宣布斥资逾430亿美元收购瑞士先正,资讯,4086,2,长和资讯
02-03 11:10,雅虎继续瘦身：裁员 15% 关闭全球 5 个办事,资讯,2125,0,长和资讯
02-02 14:11,供热投资升温 长和国际热能项目正式通汽,资讯,2919,0,长和资讯
02-02 12:20,截至2016年1月31日止月份之股份發行人的證,公告,12121,0,长和资讯
02-02 00:27,“新广场协议”呼声渐起 人民币获各方力挺,资讯,19095,9,长和资讯
02-01 08:42,现在并非入市时机 港股乱世镇仓策略,资讯,4323,1,长和资讯
01-29 07:40,美联储今年或仅加息一至两次,资讯,2749,0,长和资讯
01-29 01:08,"开发“二次”人口红利,满足“四有”老人需",资讯,5180,0,长和资讯
01-26 16:58,江森自控确认史上最大交易 并购泰科,资讯,5281,1,长和资讯
01-26 13:56,寻找文化消费里的“合家欢”,资讯,1914,0,长和资讯
01-26 05:14,广东：打造国家大科学中心助推创新驱动,资讯,2387,0,长和资讯
01-26 05:12,上海：“四张牌”确保自贸区先发优势,资讯,3343,1,长和资讯
01-25 22:50,中国市场温暖达沃斯“寒冬”,资讯,3363,1,长和资讯
01-22 13:58,广州一旦实施限外 周边换乘停车场能否满足,资讯,3260,0,长和资讯
01-22 01:19,中国劳动生产率增速持续减缓原因分析,资讯,3879,0,长和资讯
01-21 19:47,中国基尼系数未来五年有望降至国际警戒线以,资讯,3358,2,长和资讯
01-21 13:45,2015年居民收入增速跑赢GDP 城乡收入差距进,资讯,1799,0,长和资讯
01-21 03:49,六成外企视中国为重要投资目的地,资讯,2066,0,长和资讯
01-21 00:00,维持增持评级，目标价下调至115元,研报,1791,0,长和资讯
01-19 18:01,达沃斯论坛聚焦全球经济动荡,资讯,1630,0,长和资讯
01-19 10:58,6.9%！中国去年GDP增速创25年新低,资讯,10548,5,长和资讯
01-19 01:45,国家统计局今日将公布2015年GDP等经济数据,资讯,18534,6,长和资讯
01-19 01:37,如何应对可能出现的就业难题,资讯,2475,1,长和资讯
01-18 11:04,微信症候群正在袭来：不在微信中进化就在微,资讯,3212,1,长和资讯
01-16 11:23,亚投行为经济增长和全球治理注入新动能,资讯,10628,18,长和资讯
01-16 00:39,特朗普“投石问路”,资讯,2965,1,长和资讯
01-15 22:12,去年12月M2增速13.3%  央行称市场流动性宽,资讯,3543,4,长和资讯
01-15 13:17,长和国际实业进军东莞供热市场,资讯,3348,0,长和资讯
01-15 03:14,长和国际实业欲退出电影“老本行” 拟投40,资讯,4018,0,长和资讯
01-13 02:30,GDP增长缘何与能源电力消费不同步,资讯,2286,1,长和资讯
01-12 14:32,Case for telco consolidation reaffirmed;,研报,15716,0,长和资讯
01-12 01:14,航空发动机产业应有至少两家集团竞争,资讯,3903,1,长和资讯
01-09 21:22,福布斯香港十大富豪排名出炉：李嘉诚连续18,资讯,28993,5,长和资讯
01-09 13:25,科技教育改革是新常态下重塑发展新动力的基,资讯,6276,3,长和资讯
01-07 10:51,强势美元为新兴经济体敲响警钟,资讯,2099,0,长和资讯
01-07 09:23,“实现更有质量的发展”系列评论：让员工有,资讯,1955,0,长和资讯
01-05 18:28,截至2015年12月31日止月份之股份發行人的證,公告,13300,0,长和资讯
01-05 15:51,上海“十三五”如何开好局,资讯,2924,0,长和资讯
01-05 08:34,左小蕾：中国制造业要对接欧美高端制造,资讯,5113,1,长和资讯
01-05 03:08,新常态经济学理论框架成形,资讯,2963,0,长和资讯
01-01 08:41,2015年港股市场十宗“最”大盘点,资讯,8077,1,长和资讯
12-31 22:58,2016:结构调整为主兼顾稳增长和防风险,资讯,4644,0,长和资讯
12-31 15:37,審核委員會 - 職權範圍,公告,13125,0,长和资讯
12-31 11:41,以自贸区战略促进可持续发展,资讯,3157,0,长和资讯
12-31 02:39,全球经济转型之路,资讯,2971,0,长和资讯
12-31 01:52,四场“中国赛局”如何实现双赢,资讯,3136,0,长和资讯
12-30 07:14,IMF股权改革只是第一步,资讯,2237,0,长和资讯
12-30 02:46,两次调价以暂缓告终 成品油新定价机制“在,资讯,6529,8,长和资讯
12-30 01:16,社保降费率有赖于平衡机制,资讯,2684,0,长和资讯
12-29 20:45,12月29日央视新闻联播精编 上海将开展“证,资讯,4605,0,长和资讯
12-29 11:51,供需两端发力 经济稳中求进,资讯,2177,0,长和资讯
12-28 17:00,“头马”消费将释放更强劲动能,资讯,1607,1,长和资讯
12-26 04:09,城乡一体化改革可以盘活 经济整盘棋,资讯,2128,0,长和资讯
12-25 19:52,楼继伟：明年年初将举行亚投行董事会成立大,资讯,2351,0,长和资讯
12-25 15:48,统计局：将改进失业统计调查 推地区生产总,资讯,1227,0,长和资讯
12-25 15:10,互联网 时代 传统留学机构涅槃重生,资讯,1326,0,长和资讯
12-25 13:44,新晋投资女王张泉灵：内容投资风口在哪 揭,资讯,1892,0,长和资讯
12-25 11:07,统计局：将推进五大改革 涉地区生产总值统,资讯,1506,0,长和资讯
12-25 10:57,社科院：TPP将中国排除在外或降低其成员福,资讯,1824,0,长和资讯
12-25 10:36,社科院报告:TPP将中国排除在外或降低其成员,资讯,1388,0,长和资讯
12-24 20:31,12月24日央视新闻联播精编 “撬开”国税地,资讯,8068,1,长和资讯
12-24 03:41,因时而变 把握节奏是关键,资讯,5208,0,长和资讯
12-24 00:41,2016年亚太经济增长将略有回升,资讯,1578,0,长和资讯
12-23 16:46,星展唯高达：重申长和买入评级,资讯,12533,0,长和资讯
12-23 10:34,世界经济明年将呈现四大趋势 预计GDP增速3.,资讯,1552,0,长和资讯
12-22 10:18,化解产能过剩首成经济工作主要任务,资讯,1755,0,长和资讯
12-22 03:37,去产能去库存去杠杆 降成本补短板,资讯,8508,0,长和资讯
12-22 02:54,中国经济近期运行特点与政策取向,资讯,1489,0,长和资讯
12-21 19:43,重予买入评级，目标价126元,研报,13505,1,长和资讯
12-21 01:27,新兴成长 传统蓝筹 融资客两手抓,资讯,6871,0,长和资讯
12-19 00:52,去库存成经济工作关键词 房地产等四行业吐故纳新迎“,资讯,60506,11,长和资讯
12-18 16:41,高盛重予长和买入评级 目标价126元,资讯,14281,0,长和资讯
12-18 15:22,耶伦：美元加息影响不应夸大,资讯,1578,0,长和资讯
12-18 05:52,长和国际进军环保产业 看好供热供暖市场,资讯,14784,0,长和资讯
12-18 05:00,适度引导居民部门加杠杆有多重好处,资讯,3218,0,长和资讯
12-18 01:40,加息靴子落地 风险资产前景乐观,资讯,4654,2,长和资讯
12-17 17:19,清睿教育登陆新三板 问鼎中国K12互联网 教育第一股,资讯,3375,1,长和资讯
12-17 16:00,外媒：中国性别歧视制约经济增长,资讯,1811,0,长和资讯
12-17 14:00,这才是今天全球最强音！耶伦：美元加息的重要性不应被,资讯,1885,0,长和资讯
12-16 15:23,中国领衔G20后勾画金融版图,资讯,1660,0,长和资讯
12-16 07:11,发改委暂缓调整成品油价格 称用价格杠杆治理大气污染,资讯,50846,98,长和资讯
12-16 01:41,成品油价格首次暂缓调整 原油遭遇“地板价”或倒逼价,资讯,2914,1,长和资讯
12-15 13:07,述评之二：新产业蓬勃跃动 新政策与时俱进,资讯,1357,0,长和资讯
12-15 12:16,年報,公告,1106,0,长和资讯
12-15 12:04,公告,公告,840,0,长和资讯
12-15 12:01,聯合公告,公告,911,0,长和资讯
12-15 12:01,致股東信函,公告,965,0,长和资讯
12-15 11:59,中期報告,公告,896,0,长和资讯
12-15 11:50,更改董事,公告,764,0,长和资讯
12-15 11:36,委任表格,公告,868,0,长和资讯
12-15 11:25,更改董事,公告,930,0,长和资讯
12-15 11:20,公告,公告,835,0,长和资讯
12-15 10:42,聯合公告,公告,752,0,长和资讯
12-15 10:42,聯合公告,公告,821,0,长和资讯
12-15 10:34,聯合公告,公告,808,0,长和资讯
12-15 10:29,聯合公告,公告,729,0,长和资讯
12-15 10:20,公告,公告,857,0,长和资讯
12-15 09:53,聯合公告,公告,801,0,长和资讯
12-15 09:28,聯合公告,公告,917,0,长和资讯
12-15 09:18,業績公告 (摘要),公告,3532,1,长和资讯
12-15 09:18,業績公告,公告,837,0,长和资讯
12-15 08:36,股東大會通告,公告,961,0,长和资讯
12-15 08:35,致股東信函,公告,1039,0,长和资讯
12-15 08:35,委任表格,公告,1091,0,长和资讯
12-15 08:30,年報,公告,1154,0,长和资讯
12-15 08:24,公告,公告,983,0,长和资讯
12-15 08:01,聯合公告,公告,1026,0,长和资讯
12-15 08:00,股東大會結果,公告,1015,0,长和资讯
12-15 07:59,聯合公告,公告,1052,0,长和资讯
12-15 07:58,公告,公告,1009,0,长和资讯
12-15 07:58,聯合公告,公告,1174,0,长和资讯
12-15 07:35,聯合公告,公告,1025,0,长和资讯
12-15 07:35,公告,公告,1047,0,长和资讯
12-15 07:12,聯合公告,公告,1028,0,长和资讯
12-15 06:24,業績公告 (摘要),公告,955,0,长和资讯
12-15 06:23,業績公告,公告,1048,0,长和资讯
12-15 06:00,中期報告,公告,1093,0,长和资讯
12-15 05:59,公告,公告,930,0,长和资讯
12-15 05:56,公告,公告,898,0,长和资讯
12-15 05:53,更改董事,公告,936,0,长和资讯
12-15 05:27,公告,公告,922,0,长和资讯
12-15 04:54,公告,公告,822,0,长和资讯
12-15 04:53,公告,公告,747,0,长和资讯
12-15 04:41,公告,公告,563,0,长和资讯
12-15 04:41,公告,公告,663,0,长和资讯
12-15 04:40,聯合公告,公告,639,0,长和资讯
12-15 04:11,公告,公告,560,0,长和资讯
12-15 04:10,聯合公告,公告,512,0,长和资讯
12-15 03:59,公告,公告,448,0,长和资讯
12-15 03:40,業績公告,公告,476,0,长和资讯
12-15 03:39,業績公告 (摘要),公告,530,0,长和资讯
12-15 02:57,股東大會通告,公告,523,0,长和资讯
12-15 02:55,委任表格,公告,473,0,长和资讯
12-15 02:55,年報,公告,478,0,长和资讯
12-15 02:45,公告,公告,521,0,长和资讯
12-15 02:30,股東大會結果,公告,469,0,长和资讯
12-15 02:12,股東大會結果,公告,545,0,长和资讯
12-15 02:01,公告,公告,471,0,长和资讯
12-15 01:58,公告,公告,449,0,长和资讯
12-15 01:43,聯合公告,公告,577,0,长和资讯
12-15 00:50,業績公告,公告,463,0,长和资讯
12-15 00:50,業績公告 (摘要),公告,482,0,长和资讯
12-15 00:35,公告,公告,428,0,长和资讯
12-15 00:34,中期報告,公告,509,0,长和资讯
12-14 23:51,聯合公告,公告,495,0,长和资讯
12-14 22:46,公告,公告,389,0,长和资讯
12-14 22:25,聯合公告,公告,492,0,长和资讯
12-14 21:52,業績公告,公告,492,0,长和资讯
12-14 20:53,業績公告,公告,491,0,长和资讯
12-14 20:37,公告,公告,566,0,长和资讯
12-14 20:29,公告,公告,589,0,长和资讯
12-14 20:28,公告,公告,404,0,长和资讯
12-14 20:13,業績公告,公告,464,0,长和资讯
12-14 19:25,業績公告,公告,465,0,长和资讯
12-14 19:24,股東大會通告,公告,571,0,长和资讯
12-14 18:36,業績公告 (摘要),公告,423,0,长和资讯
12-14 18:35,業績公告,公告,488,0,长和资讯
12-14 18:28,財務報表,公告,498,0,长和资讯
12-14 17:26,業績公告,公告,317,0,长和资讯
12-14 17:26,業績公告 (摘要),公告,323,0,长和资讯
12-14 17:25,股東大會通告,公告,330,0,长和资讯
12-14 17:17,財務報表,公告,258,0,长和资讯
12-14 17:10,年報,公告,278,0,长和资讯
12-14 16:50,公告,公告,217,0,长和资讯
12-14 16:41,公告,公告,230,0,长和资讯
12-14 16:36,公告,公告,248,0,长和资讯
12-14 16:32,公告,公告,171,0,长和资讯
12-14 16:27,公告,公告,301,0,长和资讯
12-14 16:03,業績公告,公告,296,0,长和资讯
12-14 16:03,業績公告 (摘要),公告,304,0,长和资讯
12-14 15:39,中期報告,公告,295,0,长和资讯
12-14 15:39,公告,公告,281,0,长和资讯
12-14 15:39,業績公告,公告,250,0,长和资讯
12-12 10:55,如何打造出中国创业者的霍格沃兹魔法学院？,资讯,1379,0,长和资讯
12-12 09:28,资金紧盯小盘成长股 公募排名战拼“最后一公里”,资讯,49812,17,长和资讯
12-11 11:06,前海开源龚乘龙：一位华尔街基金经理的归来,资讯,7802,2,长和资讯
12-11 09:29,长和恢复买入评级，目标价134元,研报,1390,0,长和资讯
12-10 20:46,发改委：三方面促进绿色低碳发展,资讯,1426,0,长和资讯
12-09 02:55,稳定经济更需要可持续的改革发展观,资讯,1795,0,长和资讯
12-08 17:26,世纪佳缘与百合网达成合并协议 吴琳光将任,资讯,2147,0,长和资讯
12-08 15:16,《巴伦周刊》年度评选：2016年不容错过的十,资讯,15217,7,长和资讯
12-07 15:43,凤姐当天使 徐小平胡海泉薛蛮子王刚怎么看,资讯,3687,1,长和资讯
12-07 11:14,中国劳动力平均年龄37.57岁 平均受教育仅9.,资讯,1205,0,长和资讯
12-07 11:01,发力供需两端 兼顾远近目标,资讯,1535,0,长和资讯
12-07 01:49,2016年经济工作定调：供给侧改革将出实招,资讯,66692,51,长和资讯
12-04 17:24,天语回应员工停薪传闻 离职员工将获补偿,资讯,1395,0,长和资讯
12-04 15:35,适度扩大赤字率 中国官方学界渐成共识,资讯,1189,0,长和资讯
12-04 08:36,传李嘉诚旗下长建竞投伦敦机场 涉230亿港元,资讯,2751,12,长和资讯
12-04 06:59,寻求经济增长和减排的再平衡,资讯,1335,0,长和资讯
06-25 10:08,长和目标价111元，维持买入评级,研报,3474,0,长和资讯
06-25 08:36,长和目标价微升至117元，维持买入评级,研报,2937,0,长和资讯
06-02 18:57,截至2017年5月31日止月份之股份發行人的證,公告,1944,0,长和资讯
05-11 20:15,2017年5月11日舉行之股東週年大會 - 投票表,公告,2770,0,长和资讯
05-11 20:08,Solid Wind Tre result driven by synergy ,研报,2339,0,长和资讯
05-11 07:38,长和维持买入评级，目标价111元,研报,6968,2,长和资讯
05-09 18:56,自願性公告 - WIND TRE S.P.A.之2017年第一,公告,3038,0,长和资讯
05-04 19:46,截至2017年4月30日止月份之股份發行人的證,公告,2332,0,长和资讯
04-21 13:41,Improving Sterling outlook provides long,研报,3036,0,长和资讯
04-05 19:32,截至2017年3月31日止月份之股份發行人的證,公告,3287,0,长和资讯
04-05 18:48,2016年年報,公告,5646,0,长和资讯
04-05 18:42,代表委任表格,公告,2622,0,长和资讯
04-05 18:32,致非登記持有人之通知信函及申請表格:2016,公告,3362,0,长和资讯
04-05 18:32,致登記股東之通知信函及申請表格:2016年年,公告,3246,0,长和资讯
04-05 18:32,致新登記股東之信函及回條:選擇公司通訊之,公告,2704,0,长和资讯
04-05 18:32,股東週年大會通告,公告,2673,0,长和资讯
04-05 18:00,股東週年大會通告;重選退席董事及一般性授,公告,2267,0,长和资讯
03-28 18:23,和黃中國醫藥科技有限公司授出認股權,公告,3408,0,长和资讯
03-28 18:01,长和维持买入评级，目标价116港元,研报,3136,0,长和资讯
03-27 16:38,长和维持跑赢大市评级，目标价122港元,研报,2922,0,长和资讯
03-23 19:44,FY16: a beat at the headline level but u,研报,1652,0,长和资讯
03-23 17:59,Buy: Solid results but dividend payout d,研报,1374,0,长和资讯
03-22 16:44,截至2016年12月31日止年度之業績,公告,2236,0,长和资讯
03-02 18:24,截至2017年2月28日止月份之股份發行人的證,公告,1846,0,长和资讯
03-01 08:41,Outlook starting to brighten,研报,2074,0,长和资讯
02-28 15:40,长和给予买入评级，目标价118港元,研报,3350,0,长和资讯
02-28 15:32,长和升至增持评级，目标价105港元,研报,2468,0,长和资讯
02-28 15:21,长和重申买入评级，目标价111港元,研报,2116,0,长和资讯
02-23 20:35,自願性公告 - WIND TRE S.P.A.之業績,公告,2921,0,长和资讯
02-23 17:30,董事會會議召開日期,公告,2092,0,长和资讯
02-17 00:00,长和给予买入评级，目标价112港元,研报,622,0,长和资讯
02-09 00:00,长和升至买入评级，目标价112元,研报,363,0,长和资讯
02-07 00:00,Going for a sub-par option in the UK,研报,119,0,长和资讯
02-07 00:00,Going for a sub-par option in the UK,研报,367,0,长和资讯
02-02 18:55,截至2017年1月31日止月份之股份發行人的證,公告,4015,0,长和资讯
01-16 06:54,關連交易 - 就建議透過計劃方式收購目標公,公告,2956,0,长和资讯
01-05 16:11,截至2016年12月31日止月份之股份發行人的證,公告,2453,0,长和资讯
12-30 17:25,董事名單及其角色與職能,公告,4286,0,长和资讯
12-16 00:00,长和：维持买入评级，目标价110元,研报,405,0,长和资讯
12-15 17:21,委任執行董事及非執行董事,公告,1852,0,长和资讯
12-02 22:34,截至2016年11月30日止月份之股份發行人的證,公告,5136,0,长和资讯
12-02 22:33,翌日披露報表 - 已發行股本變動,公告,4762,0,长和资讯
12-02 21:17,印度稅務局向和記電訊國際有限公司發出草擬,公告,5490,0,长和资讯
12-02 20:51,關連交易-出售從事飛機租賃業務之公司,公告,4843,0,长和资讯
11-24 00:00,长和：维持跑赢大市评级，目标价108.88元,研报,334,0,长和资讯
11-23 00:00,FX a material headwind but longer term v,研报,276,0,长和资讯
11-18 19:38,翌日披露報表,公告,5393,0,长和资讯
11-17 20:09,翌日披露報表,公告,6115,0,长和资讯
11-13 14:28,Italy JV details better than expected,研报,12765,7,长和资讯
11-07 08:17,完成 3 ITALIA S.P.A. 與 WIND ACQUISITION,公告,12827,8,长和资讯
11-02 17:23,截至2016年10月31日止月份之股份發行人的證,公告,7983,0,长和资讯
10-25 08:06,3 ITALIA S.P.A.與 WIND ACQUISITION HOLDI,公告,7329,0,长和资讯
10-04 16:22,截至2016年9月30日止月份之股份發行人的證,公告,14589,2,长和资讯
09-08 15:17,长和维持增持评级，目标价119元,研报,12079,1,长和资讯
09-06 11:57,Catalyst finally,研报,7427,0,长和资讯
09-06 11:57,Catalyst finally,研报,7909,0,长和资讯
09-05 18:00,长和：维持与大市同步评级，目标价100元,研报,10135,0,长和资讯
09-05 17:43,长和：给予买入评级，目标价117元,研报,9042,0,长和资讯
09-05 17:30,长和：重申跑赢大市评级，目标价108.88元,研报,8813,0,长和资讯
09-05 16:26,长和给予买入评级，目标价116元,研报,8951,0,长和资讯
09-05 09:50,EC approves Wind/3 Italy merger proposal,研报,10496,0,长和资讯
09-05 09:50,EC approves Wind/3 Italy merger proposal,研报,10588,0,长和资讯
09-05 08:47,3 Italia and Wind: now a power couple,研报,10671,0,长和资讯
09-03 10:26,Italian deal approved by EC; solid track,研报,2104,0,长和资讯
09-02 15:42,截至2016年8月31日止月份之股份發行人的證,公告,19461,0,长和资讯
09-02 09:58,Buy: 3 Italy-Wind merger approved,研报,7765,0,长和资讯
09-01 22:51,歐盟委員會批准 3 ITALIA S.P.A.與 WIND AC,公告,7295,0,长和资讯
08-26 19:03,Press reports Italy deal approval is imm,研报,9042,0,长和资讯
08-26 17:15,EC reported to be close to approving Win,研报,8864,0,长和资讯
08-25 17:10,致新登記股東之信函及回條:選擇公司通訊之,公告,3748,0,长和资讯
08-25 17:10,2016年中期報告,公告,4909,0,长和资讯
08-25 17:08,致登記股東之通知信函及申請表格:2016年中,公告,3364,0,长和资讯
08-25 17:08,致非登記持有人之通知信函及申請表格:2016,公告,3383,0,长和资讯
08-25 14:17,长和给予跑赢大市评级，目标价100.63元,研报,4379,0,长和资讯
08-19 16:50,长和给予买入评级，目标价106元,研报,14256,1,长和资讯
08-19 16:38,长和维持买入评级，目标价114元,研报,13412,0,长和资讯
08-17 14:07,Follow the leader,研报,6144,0,长和资讯
08-17 09:19,Initiate at Buy: Robust growth with M&A ,研报,6459,0,长和资讯
08-12 17:22,业绩焦点：长江和记实业有限公司,研报,19150,0,长和资讯
08-12 11:38,A soft headline masking the underlying s,研报,7131,0,长和资讯
08-11 17:01,截至2016年6月30日止六個月之未經審核業績,公告,7447,0,长和资讯
08-10 14:39,长和：给予与大市同步评级，目标价95元,研报,7101,1,长和资讯
08-09 17:40,1H16 preview: No major surprise expected,研报,6097,0,长和资讯
08-09 16:23,1H16 Preview; First Earnings Decline in ,研报,5914,0,长和资讯
08-08 15:51,维持买入评级，目标价108元,研报,7822,0,长和资讯
08-05 17:19,Opportunities while market expectations ,研报,17933,1,长和资讯
08-04 10:03,1H16 results preview,研报,6928,0,长和资讯
08-03 15:57,截至2016年7月31日止月份之股份發行人的證,公告,5624,0,长和资讯
08-01 17:21,董事名單及其角色與職能,公告,6014,0,长和资讯
08-01 14:56,长和给予买入评级，目标价99元,研报,7267,0,长和资讯
07-15 17:10,董事會會議召開日期,公告,19685,0,长和资讯
07-12 14:58,长和维持与大市同步评级，目标价95元,研报,9409,0,长和资讯
07-12 14:40,售部份意大利资产有利业务整合获欧盟批准,研报,9976,3,长和资讯
07-12 14:35,长和给予买入评级，目标价108元,研报,9966,0,长和资讯
07-12 14:29,长和维持买入评级,研报,9153,1,长和资讯
07-07 09:13,One step closer to an Italian matrimony,研报,7684,0,长和资讯
07-06 17:52,给予买入评级，目标价98元,研报,9923,0,长和资讯
07-05 16:14,截至2016年6月30日止月份之股份發行人的證,公告,6942,0,长和资讯
06-30 17:10,執行董事退任,公告,8123,0,长和资讯
06-30 15:50,Potential acceleration of Wind deal appr,研报,8016,0,长和资讯
06-28 11:14,Outlook remains resilient despite Brexit,研报,10131,0,长和资讯
06-27 19:11,Assessing impact from Brexit,研报,10653,0,长和资讯
06-27 18:32,Downgrade to Equal-weight,研报,10997,0,长和资讯
06-27 17:32,Near-term share price weakness from Brex,研报,11016,0,长和资讯
06-27 11:06,Uncertainty to weigh short term but here,研报,15341,0,长和资讯
06-27 11:06,Uncertainty to weigh short term but here,研报,15044,0,长和资讯
06-20 12:34,和黃中國醫藥科技有限公司授出認股權,公告,15732,0,长和资讯
06-17 16:54,投资本不易 李嘉诚财富降至四年来最低水平,资讯,20189,6,长和资讯
06-02 17:16,截至2016年5月31日止月份之股份發行人的證,公告,8122,0,长和资讯
05-13 19:37,2016年5月13日舉行之股東週年大會-投票表決,公告,23745,0,长和资讯
05-12 15:20,O2 acquisition rejected by EU regulators,研报,8735,1,长和资讯
05-12 08:34,欧盟否决长江和记收购Telefonica的交易,资讯,6449,0,长和资讯
05-11 18:09,可能收購O2UK;共同投資者認購3英國與O2UK合,公告,7942,0,长和资讯
05-06 13:59,"No deal, big deal?",研报,8939,0,长和资讯
05-04 17:56,截至2016年4月30日止月份之股份發行人的證,公告,7500,0,长和资讯
05-03 19:07,Husky restructure on track,研报,7645,0,长和资讯
04-28 15:14,Stability and growth not priced in: init,研报,4535,0,长和资讯
04-21 16:17,维持买入评级，目标价126元,研报,7670,0,长和资讯
04-18 14:05,李嘉诚英国收购案被曝遭欧盟否决 长和准备,资讯,7643,0,长和资讯
04-12 18:01,致非登記持有人之通知信函及申請表格:2015,公告,8326,0,长和资讯
04-12 17:56,致登記股東之通知信函及申請表格:2015年年,公告,8198,0,长和资讯
04-12 17:55,致新登記股東之信函及回條:選擇公司通訊之,公告,7993,0,长和资讯
04-12 17:50,股東週年大會通告,公告,8515,0,长和资讯
04-12 17:49,代表委任表格,公告,8285,0,长和资讯
04-12 17:22,股東週年大會通告;重選退席董事、一般性授,公告,8579,0,长和资讯
04-12 17:14,2015年年報,公告,11596,1,长和资讯
04-08 16:17,Potential sale of UK network capacity to,研报,9370,0,长和资讯
04-05 20:24,截至2016年3月31日止月份之股份發行人的證,公告,9448,0,长和资讯
03-23 10:18,尚乘集团首期美元债券成功公开发行,资讯,8431,0,长和资讯
03-22 16:31,Suspension and Transfer of Coverage,研报,2371,0,长和资讯
03-21 18:22,长和维持跑赢大市评级，目标价140元,研报,14952,0,长和资讯
03-21 09:09,业绩焦点：长江和记实业有限公司,研报,33554,0,长和资讯
03-18 14:56,3 UK and Italy margin improving even wit,研报,13025,0,长和资讯
03-17 21:12,截至2015年12月31日止年度之業績摘要,公告,14653,0,长和资讯
03-16 16:57,FY15 preview: Expect steady core earning,研报,14763,0,长和资讯
03-15 11:10,"FY15 result preview: Slower growth, but ",研报,11784,0,长和资讯
03-15 11:10,"FY15 result preview: Slower growth, but ",研报,12031,0,长和资讯
03-14 15:03,长和给予增持评级，目标价115元,研报,18504,0,长和资讯
03-11 10:48,Good shelter even under currency and oil,研报,15778,0,长和资讯
03-10 23:30,2015 Preview - Earnings Growth Decelerat,研报,14590,0,长和资讯
03-09 02:24,长和维持买入评级，降目标价至128元,研报,2873,0,长和资讯
03-08 21:58,All eyes on UK telecom regulatory ruling,研报,2184,0,长和资讯
03-08 09:57,长和维持买入评级，目标价129元,研报,19028,0,长和资讯
03-02 19:38,截至2016年2月29日止月份之股份發行人的證,公告,14059,0,长和资讯
03-02 16:51,董事會會議召開日期,公告,14276,0,长和资讯
02-26 00:14,Assessing GBP weakness and potential Bre,研报,2710,0,长和资讯
02-22 08:52,若本周不能达成“新广场协议” 全球股市还,资讯,72909,65,长和资讯
02-22 00:44,新增信贷创新高未改信贷需求偏软格局,资讯,8089,0,长和资讯
02-22 00:08,主权基金可考虑转换职能,资讯,9093,0,长和资讯
02-21 21:33,下周全球最具权势的一帮大佬将齐聚这个地方,资讯,15630,1,长和资讯
02-21 07:37,1070天肖钢告别“火山口”,资讯,20.0万,356,长和资讯
02-20 03:13,供给侧改革主导2016年股市,资讯,38303,4,长和资讯
02-19 01:19,前瞻中国G20：经济增长是当务之急,资讯,2790,0,长和资讯
02-18 17:18,千方百计实现外贸回稳向好,资讯,1871,0,长和资讯
02-18 11:18,四联智能参加省长主持召开的企业座谈会,资讯,3081,0,长和资讯
02-18 02:40,流动性变局在即 寻找弱势下的确定性标的,资讯,7084,5,长和资讯
02-17 05:12,地方财政收入凸显“新常态” 广东连续25年,资讯,4000,1,长和资讯
02-16 17:20,外贸稳增长 改革是关键,资讯,2609,1,长和资讯
02-16 16:00,G20财长会议召开在即 新广场协议是否就此诞,资讯,17062,1,长和资讯
02-16 03:10,负利率难自救 短期料不会大行其道,资讯,2817,1,长和资讯
02-10 12:44,新华社：多国央行加码宽松 金融市场波动加,资讯,14.4万,242,长和资讯
02-10 10:17,刘晓博：这10件大事将左右2016年股市和楼市,资讯,21.4万,118,长和资讯
02-08 09:29,华创证券：货币政策拐点或已经到来,资讯,11.9万,63,长和资讯
02-05 13:44,长和承诺3与O2英国合并后 未来五年将投资50,资讯,14494,3,长和资讯
02-04 14:02,李嘉诚旗下长和承诺“3”与O2合并后五年不,资讯,2135,0,长和资讯
02-04 07:53,美国财长半月左右两次与中国财经高官谈汇率,资讯,22998,29,长和资讯
02-03 16:16,中国化工宣布斥资逾430亿美元收购瑞士先正,资讯,4086,2,长和资讯
02-03 11:10,雅虎继续瘦身：裁员 15% 关闭全球 5 个办事,资讯,2125,0,长和资讯
02-02 14:11,供热投资升温 长和国际热能项目正式通汽,资讯,2919,0,长和资讯
02-02 12:20,截至2016年1月31日止月份之股份發行人的證,公告,12121,0,长和资讯
02-02 00:27,“新广场协议”呼声渐起 人民币获各方力挺,资讯,19095,9,长和资讯
02-01 08:42,现在并非入市时机 港股乱世镇仓策略,资讯,4323,1,长和资讯
01-29 07:40,美联储今年或仅加息一至两次,资讯,2749,0,长和资讯
01-29 01:08,"开发“二次”人口红利,满足“四有”老人需",资讯,5180,0,长和资讯
01-26 16:58,江森自控确认史上最大交易 并购泰科,资讯,5281,1,长和资讯
01-26 13:56,寻找文化消费里的“合家欢”,资讯,1914,0,长和资讯
01-26 05:14,广东：打造国家大科学中心助推创新驱动,资讯,2387,0,长和资讯
01-26 05:12,上海：“四张牌”确保自贸区先发优势,资讯,3343,1,长和资讯
01-25 22:50,中国市场温暖达沃斯“寒冬”,资讯,3363,1,长和资讯
01-22 13:58,广州一旦实施限外 周边换乘停车场能否满足,资讯,3260,0,长和资讯
01-22 01:19,中国劳动生产率增速持续减缓原因分析,资讯,3879,0,长和资讯
01-21 19:47,中国基尼系数未来五年有望降至国际警戒线以,资讯,3358,2,长和资讯
01-21 13:45,2015年居民收入增速跑赢GDP 城乡收入差距进,资讯,1799,0,长和资讯
01-21 03:49,六成外企视中国为重要投资目的地,资讯,2066,0,长和资讯
01-21 00:00,维持增持评级，目标价下调至115元,研报,1791,0,长和资讯
01-19 18:01,达沃斯论坛聚焦全球经济动荡,资讯,1630,0,长和资讯
01-19 10:58,6.9%！中国去年GDP增速创25年新低,资讯,10548,5,长和资讯
01-19 01:45,国家统计局今日将公布2015年GDP等经济数据,资讯,18534,6,长和资讯
01-19 01:37,如何应对可能出现的就业难题,资讯,2475,1,长和资讯
01-18 11:04,微信症候群正在袭来：不在微信中进化就在微,资讯,3212,1,长和资讯
01-16 11:23,亚投行为经济增长和全球治理注入新动能,资讯,10628,18,长和资讯
01-16 00:39,特朗普“投石问路”,资讯,2965,1,长和资讯
01-15 22:12,去年12月M2增速13.3%  央行称市场流动性宽,资讯,3543,4,长和资讯
01-15 13:17,长和国际实业进军东莞供热市场,资讯,3348,0,长和资讯
01-15 03:14,长和国际实业欲退出电影“老本行” 拟投40,资讯,4018,0,长和资讯
01-13 02:30,GDP增长缘何与能源电力消费不同步,资讯,2286,1,长和资讯
01-12 14:32,Case for telco consolidation reaffirmed;,研报,15716,0,长和资讯
01-12 01:14,航空发动机产业应有至少两家集团竞争,资讯,3903,1,长和资讯
01-09 21:22,福布斯香港十大富豪排名出炉：李嘉诚连续18,资讯,28993,5,长和资讯
01-09 13:25,科技教育改革是新常态下重塑发展新动力的基,资讯,6276,3,长和资讯
01-07 10:51,强势美元为新兴经济体敲响警钟,资讯,2099,0,长和资讯
01-07 09:23,“实现更有质量的发展”系列评论：让员工有,资讯,1955,0,长和资讯
01-05 18:28,截至2015年12月31日止月份之股份發行人的證,公告,13300,0,长和资讯
01-05 15:51,上海“十三五”如何开好局,资讯,2924,0,长和资讯
01-05 08:34,左小蕾：中国制造业要对接欧美高端制造,资讯,5113,1,长和资讯
01-05 03:08,新常态经济学理论框架成形,资讯,2963,0,长和资讯
01-01 08:41,2015年港股市场十宗“最”大盘点,资讯,8077,1,长和资讯
12-31 22:58,2016:结构调整为主兼顾稳增长和防风险,资讯,4644,0,长和资讯
12-31 15:37,審核委員會 - 職權範圍,公告,13125,0,长和资讯
12-31 11:41,以自贸区战略促进可持续发展,资讯,3157,0,长和资讯
12-31 02:39,全球经济转型之路,资讯,2971,0,长和资讯
12-31 01:52,四场“中国赛局”如何实现双赢,资讯,3136,0,长和资讯
12-30 07:14,IMF股权改革只是第一步,资讯,2237,0,长和资讯
12-30 02:46,两次调价以暂缓告终 成品油新定价机制“在路上”,资讯,6529,8,长和资讯
12-30 01:16,社保降费率有赖于平衡机制,资讯,2684,0,长和资讯
12-29 20:45,12月29日央视新闻联播精编 上海将开展“证照分离”改,资讯,4605,0,长和资讯
12-29 11:51,供需两端发力 经济稳中求进,资讯,2177,0,长和资讯
12-28 17:00,“头马”消费将释放更强劲动能,资讯,1607,1,长和资讯
12-26 04:09,城乡一体化改革可以盘活 经济整盘棋,资讯,2128,0,长和资讯
12-25 19:52,楼继伟：明年年初将举行亚投行董事会成立大会,资讯,2351,0,长和资讯
12-25 15:48,统计局：将改进失业统计调查 推地区生产总值统一核算,资讯,1227,0,长和资讯
12-25 15:10,互联网 时代 传统留学机构涅槃重生,资讯,1326,0,长和资讯
12-25 13:44,新晋投资女王张泉灵：内容投资风口在哪 揭秘四种盈利,资讯,1892,0,长和资讯
12-25 11:07,统计局：将推进五大改革 涉地区生产总值统一核算等,资讯,1506,0,长和资讯
12-25 10:57,社科院：TPP将中国排除在外或降低其成员福利,资讯,1824,0,长和资讯
12-25 10:36,社科院报告:TPP将中国排除在外或降低其成员福利,资讯,1388,0,长和资讯
12-24 20:31,12月24日央视新闻联播精编 “撬开”国税地税合作壁垒,资讯,8068,1,长和资讯
12-24 03:41,因时而变 把握节奏是关键,资讯,5208,0,长和资讯
12-24 00:41,2016年亚太经济增长将略有回升,资讯,1578,0,长和资讯
12-23 16:46,星展唯高达：重申长和买入评级,资讯,12533,0,长和资讯
12-23 10:34,世界经济明年将呈现四大趋势 预计GDP增速3.0%,资讯,1552,0,长和资讯
12-22 10:18,化解产能过剩首成经济工作主要任务,资讯,1755,0,长和资讯
12-22 03:37,去产能去库存去杠杆 降成本补短板,资讯,8508,0,长和资讯
12-22 02:54,中国经济近期运行特点与政策取向,资讯,1489,0,长和资讯
12-21 19:43,重予买入评级，目标价126元,研报,13505,1,长和资讯
12-21 01:27,新兴成长 传统蓝筹 融资客两手抓,资讯,6871,0,长和资讯
12-19 00:52,去库存成经济工作关键词 房地产等四行业吐,资讯,60506,11,长和资讯
12-18 16:41,高盛重予长和买入评级 目标价126元,资讯,14281,0,长和资讯
12-18 15:22,耶伦：美元加息影响不应夸大,资讯,1578,0,长和资讯
12-18 05:52,长和国际进军环保产业 看好供热供暖市场,资讯,14784,0,长和资讯
12-18 05:00,适度引导居民部门加杠杆有多重好处,资讯,3218,0,长和资讯
12-18 01:40,加息靴子落地 风险资产前景乐观,资讯,4654,2,长和资讯
12-17 17:19,清睿教育登陆新三板 问鼎中国K12互联网 教,资讯,3375,1,长和资讯
12-17 16:00,外媒：中国性别歧视制约经济增长,资讯,1811,0,长和资讯
12-17 14:00,这才是今天全球最强音！耶伦：美元加息的重,资讯,1885,0,长和资讯
12-16 15:23,中国领衔G20后勾画金融版图,资讯,1660,0,长和资讯
12-16 07:11,发改委暂缓调整成品油价格 称用价格杠杆治,资讯,50846,98,长和资讯
12-16 01:41,成品油价格首次暂缓调整 原油遭遇“地板价,资讯,2914,1,长和资讯
12-15 13:07,述评之二：新产业蓬勃跃动 新政策与时俱进,资讯,1357,0,长和资讯
12-15 12:16,年報,公告,1106,0,长和资讯
12-15 12:04,公告,公告,840,0,长和资讯
12-15 12:01,聯合公告,公告,911,0,长和资讯
12-15 12:01,致股東信函,公告,965,0,长和资讯
12-15 11:59,中期報告,公告,896,0,长和资讯
12-15 11:50,更改董事,公告,764,0,长和资讯
12-15 11:36,委任表格,公告,868,0,长和资讯
12-15 11:25,更改董事,公告,930,0,长和资讯
12-15 11:20,公告,公告,835,0,长和资讯
12-15 10:42,聯合公告,公告,752,0,长和资讯
12-15 10:42,聯合公告,公告,821,0,长和资讯
12-15 10:34,聯合公告,公告,808,0,长和资讯
12-15 10:29,聯合公告,公告,729,0,长和资讯
12-15 10:20,公告,公告,857,0,长和资讯
12-15 09:53,聯合公告,公告,801,0,长和资讯
12-15 09:28,聯合公告,公告,917,0,长和资讯
12-15 09:18,業績公告 (摘要),公告,3532,1,长和资讯
12-15 09:18,業績公告,公告,837,0,长和资讯
12-15 08:36,股東大會通告,公告,961,0,长和资讯
12-15 08:35,致股東信函,公告,1039,0,长和资讯
12-15 08:35,委任表格,公告,1091,0,长和资讯
12-15 08:30,年報,公告,1154,0,长和资讯
12-15 08:24,公告,公告,983,0,长和资讯
12-15 08:01,聯合公告,公告,1026,0,长和资讯
12-15 08:00,股東大會結果,公告,1015,0,长和资讯
12-15 07:59,聯合公告,公告,1052,0,长和资讯
12-15 07:58,公告,公告,1009,0,长和资讯
12-15 07:58,聯合公告,公告,1174,0,长和资讯
12-15 07:35,聯合公告,公告,1025,0,长和资讯
12-15 07:35,公告,公告,1047,0,长和资讯
12-15 07:12,聯合公告,公告,1028,0,长和资讯
12-15 06:24,業績公告 (摘要),公告,955,0,长和资讯
12-15 06:23,業績公告,公告,1048,0,长和资讯
12-15 06:00,中期報告,公告,1093,0,长和资讯
12-15 05:59,公告,公告,930,0,长和资讯
12-15 05:56,公告,公告,898,0,长和资讯
12-15 05:53,更改董事,公告,936,0,长和资讯
12-15 05:27,公告,公告,922,0,长和资讯
12-15 04:54,公告,公告,822,0,长和资讯
12-15 04:53,公告,公告,747,0,长和资讯
12-15 04:41,公告,公告,563,0,长和资讯
12-15 04:41,公告,公告,663,0,长和资讯
12-15 04:40,聯合公告,公告,639,0,长和资讯
12-15 04:11,公告,公告,560,0,长和资讯
12-15 04:10,聯合公告,公告,512,0,长和资讯
12-15 03:59,公告,公告,448,0,长和资讯
12-15 03:40,業績公告,公告,476,0,长和资讯
12-15 03:39,業績公告 (摘要),公告,530,0,长和资讯
12-15 02:57,股東大會通告,公告,523,0,长和资讯
12-15 02:55,委任表格,公告,473,0,长和资讯
12-15 02:55,年報,公告,478,0,长和资讯
12-15 02:45,公告,公告,521,0,长和资讯
12-15 02:30,股東大會結果,公告,469,0,长和资讯
12-15 02:12,股東大會結果,公告,545,0,长和资讯
12-15 02:01,公告,公告,471,0,长和资讯
12-15 01:58,公告,公告,449,0,长和资讯
12-15 01:43,聯合公告,公告,577,0,长和资讯
12-15 00:50,業績公告,公告,463,0,长和资讯
12-15 00:50,業績公告 (摘要),公告,482,0,长和资讯
12-15 00:35,公告,公告,428,0,长和资讯
12-15 00:34,中期報告,公告,509,0,长和资讯
12-14 23:51,聯合公告,公告,495,0,长和资讯
12-14 22:46,公告,公告,389,0,长和资讯
12-14 22:25,聯合公告,公告,492,0,长和资讯
12-14 21:52,業績公告,公告,492,0,长和资讯
12-14 20:53,業績公告,公告,491,0,长和资讯
12-14 20:37,公告,公告,566,0,长和资讯
12-14 20:29,公告,公告,589,0,长和资讯
12-14 20:28,公告,公告,404,0,长和资讯
12-14 20:13,業績公告,公告,464,0,长和资讯
12-14 19:25,業績公告,公告,465,0,长和资讯
12-14 19:24,股東大會通告,公告,571,0,长和资讯
12-14 18:36,業績公告 (摘要),公告,423,0,长和资讯
12-14 18:35,業績公告,公告,488,0,长和资讯
12-14 18:28,財務報表,公告,498,0,长和资讯
12-14 17:26,業績公告,公告,317,0,长和资讯
12-14 17:26,業績公告 (摘要),公告,323,0,长和资讯
12-14 17:25,股東大會通告,公告,330,0,长和资讯
12-14 17:17,財務報表,公告,258,0,长和资讯
12-14 17:10,年報,公告,278,0,长和资讯
12-14 16:50,公告,公告,217,0,长和资讯
12-14 16:41,公告,公告,230,0,长和资讯
12-14 16:36,公告,公告,248,0,长和资讯
12-14 16:32,公告,公告,171,0,长和资讯
12-14 16:27,公告,公告,301,0,长和资讯
12-14 16:03,業績公告,公告,296,0,长和资讯
12-14 16:03,業績公告 (摘要),公告,304,0,长和资讯
12-14 15:39,中期報告,公告,295,0,长和资讯
12-14 15:39,公告,公告,281,0,长和资讯
12-14 15:39,業績公告,公告,250,0,长和资讯
12-12 10:55,如何打造出中国创业者的霍格沃兹魔法学院？,资讯,1379,0,长和资讯
12-12 09:28,资金紧盯小盘成长股 公募排名战拼“最后一公里”,资讯,49812,17,长和资讯
12-11 11:06,前海开源龚乘龙：一位华尔街基金经理的归来,资讯,7802,2,长和资讯
12-11 09:29,长和恢复买入评级，目标价134元,研报,1390,0,长和资讯
12-10 20:46,发改委：三方面促进绿色低碳发展,资讯,1426,0,长和资讯
12-09 02:55,稳定经济更需要可持续的改革发展观,资讯,1795,0,长和资讯
12-08 17:26,世纪佳缘与百合网达成合并协议 吴琳光将任,资讯,2147,0,长和资讯
12-08 15:16,《巴伦周刊》年度评选：2016年不容错过的十,资讯,15217,7,长和资讯
12-07 15:43,凤姐当天使 徐小平胡海泉薛蛮子王刚怎么看,资讯,3687,1,长和资讯
12-07 11:14,中国劳动力平均年龄37.57岁 平均受教育仅9.,资讯,1205,0,长和资讯
12-07 11:01,发力供需两端 兼顾远近目标,资讯,1535,0,长和资讯
12-07 01:49,2016年经济工作定调：供给侧改革将出实招,资讯,66692,51,长和资讯
12-04 17:24,天语回应员工停薪传闻 离职员工将获补偿,资讯,1395,0,长和资讯
12-04 15:35,适度扩大赤字率 中国官方学界渐成共识,资讯,1189,0,长和资讯
12-04 08:36,传李嘉诚旗下长建竞投伦敦机场 涉230亿港元,资讯,2751,12,长和资讯
12-04 06:59,寻求经济增长和减排的再平衡,资讯,1335,0,长和资讯
12-04 03:00,前瞻中央经济工作会议：供需两端发力改革,资讯,1160,0,长和资讯
12-04 02:44,前瞻中央经济工作会议：供需两端发力改革,资讯,979,0,长和资讯
12-04 01:23,高层定调供需两端加大结构性改革力度,资讯,3799,15,长和资讯
12-04 00:23,前瞻中央经济工作会议：供需两端发力改革,资讯,1119,0,长和资讯
12-03 00:09,截至2015年11月30日止月份之股份發行人的證,公告,896,0,长和资讯
11-30 05:45,信达澳银：掘“金”成长股,资讯,7701,0,长和资讯
11-27 21:54,《收市总结》港股三连跌再软89点成交续淡,资讯,1079,0,长和资讯
11-27 16:05,韩官员：韩朝政府间会谈代表级别必要时可调,资讯,1575,0,长和资讯
11-27 15:52,互联网家装时代 装修工是否靠谱？,资讯,2234,0,长和资讯
11-27 14:08,保地产政策频出 债市未见利空,资讯,1061,0,长和资讯
11-27 02:46,我国宏观调控手法在创新中加快转变,资讯,1300,0,长和资讯
11-27 01:40,海关总署再发力 18条力保外贸稳增长,资讯,2324,1,长和资讯
11-26 13:40,房租收入等大幅提高助推浙江居民收入增加,资讯,1112,0,长和资讯
11-26 04:51,海关总署出台措施稳定外贸增长 改进通关监管,资讯,1370,0,长和资讯
11-26 01:57,以“新供给”推动中国经济新增长,资讯,1532,0,长和资讯
11-25 10:48,财产净收入快速增长助推前三季度浙江居民收入增加,资讯,1581,0,长和资讯
11-25 10:45,申請版本(第一次呈交),公告,971,0,长和资讯
11-25 01:42,中国经济“强”解读：国际合作升级,资讯,2004,0,长和资讯
11-24 22:58,申請版本(第一次呈交),公告,1065,0,长和资讯
11-24 03:16,券商策略周报：进入震荡期 波动加大 结构制胜,资讯,7735,10,长和资讯
11-23 17:19,胡汝银：证券市场三大关键能力建设不足,资讯,1916,0,长和资讯
11-22 21:38,首批10公司预计冻结资金1万亿 A股影响有多大？,资讯,15737,589,长和资讯
11-20 22:09,YPO东南亚分部主办首席执行官的东盟洞察力峰会,资讯,1840,0,长和资讯
11-20 17:56,游学不再学校包办 携程打造国内最大海外游学平台,资讯,1601,0,长和资讯
11-20 12:17,胡汝银：证券市场三大关键能力建设不足,资讯,2470,1,长和资讯
11-20 11:42,上交所首席经济学家胡汝银：很多证券分析师就是大忽悠,资讯,2246,3,长和资讯
11-20 01:15,童书的新一轮黄金十年,资讯,2838,0,长和资讯
11-20 00:00,长和上调目标价至127元，重申增持评级,研报,2404,0,长和资讯
11-19 03:55,股市发展新目标如何实现,资讯,2200,0,长和资讯
11-18 06:22,哪些国家和城市房地产还有好机会？,资讯,1617,0,长和资讯
11-18 03:01,通胀向好美元豪气万丈 黄金原油携手再刷新,资讯,2694,1,长和资讯
11-17 15:51,G20安塔利亚峰会把脉全球经济,资讯,1635,0,长和资讯
11-17 09:31,G20峰会公报：期待SDR估值方法完成审议,资讯,1427,0,长和资讯
11-17 04:23,南京市成立医管委：公立医院管办分开 能否,资讯,2578,0,长和资讯
11-16 16:59,加贸转型：企业期待更多扶持,资讯,1419,0,长和资讯
11-16 14:28,中国在线教育3年投进20亿美元 全部打水漂？,资讯,1783,0,长和资讯
11-16 00:00,Model Update,研报,1466,0,长和资讯
11-14 19:43,国际财经聚焦:G20发展规划哪家强,资讯,1592,0,长和资讯
11-14 13:15,二十国集团峰会主要研究啥？,资讯,2795,0,长和资讯
11-14 13:14,分分钟知晓G20全貌,资讯,2001,0,长和资讯
11-14 13:12,习主席关于全球治理的重要论述,资讯,2039,0,长和资讯
11-13 14:17,摩通上调长和目标价至127元 重申增持评级,资讯,2071,0,长和资讯
11-13 11:23,G20峰会锁定“包容”“落实”“投资”,资讯,1516,0,长和资讯
11-13 09:20,加大对“一带一路”项目承保支持力度,资讯,1646,0,长和资讯
11-13 04:13,新兴经济体仍是全球经济增长重要引擎,资讯,1393,0,长和资讯
11-13 04:13,瞄准国际发展最新目标 打开经济转型动力空,资讯,1957,0,长和资讯
11-12 15:59,齐观：强化党对国企领导 党政分立是条好路,资讯,3136,1,长和资讯
11-12 14:13,股东不买账 李嘉诚重组长和帝国受阻,资讯,2674,0,长和资讯
11-12 03:17,央行货币政策思路与着力点有了重大调整,资讯,2082,0,长和资讯
11-11 17:01,前三季度江苏省社会融资突破9000亿元,资讯,1325,0,长和资讯
11-11 03:53,G20发展议程不可或缺,资讯,1219,0,长和资讯
11-11 03:52,G20峰会上中国的角色,资讯,1585,0,长和资讯
11-09 02:41,中高速增长的底气,资讯,1447,0,长和资讯
11-07 01:37,31省份前三季度GDP出炉 重庆增速第一辽宁垫,资讯,6479,70,长和资讯
11-06 13:39,朱光耀：赤字率和负债率“红线”可探讨调整,资讯,1325,0,长和资讯
11-06 13:15,中国副财长：赤字率和负债率传统“红线”可,资讯,1525,0,长和资讯
11-06 12:57,大数据国家战略推动“数据驱动经济”,资讯,1365,0,长和资讯
11-05 15:48,科蒂宣布重组计划 美妆帝国排兵布阵逼近欧,资讯,1385,0,长和资讯
11-04 16:01,A股跌幅收窄港股重上二万三 长和系造好,资讯,1904,0,长和资讯
11-04 15:58,5年后收入翻番 十三五10大政策将影响你的钱,资讯,1237,0,长和资讯
11-04 15:47,2030年京津冀一体化基本形成,资讯,1229,0,长和资讯
11-04 06:01,“十三五”10大政策将影响你的钱包,资讯,16193,7,长和资讯
11-04 02:50,经济前景预期悲观 全球主权债收益率集体走,资讯,1749,0,长和资讯
11-04 02:36,中国用开放性模型审度五年计划,资讯,2711,0,长和资讯
11-03 23:42,截至2015年10月31日止月份之股份發行人的證,公告,1502,1,长和资讯
11-03 04:12,中国金融改革需要推进关键性突破,资讯,1700,0,长和资讯
11-02 23:45,中法元首气候变化联合声明,资讯,1514,0,长和资讯
11-02 16:42,A股跌幅收窄港股重上二万三 长和系造好,资讯,1204,0,长和资讯
11-02 11:32,中国可在十三五期间给碳排放定价,资讯,1299,0,长和资讯
11-02 03:27,李宇嘉：贯彻全面二孩需要社会保障建设配套,资讯,1421,0,长和资讯
11-02 02:44,倾力支持实体经济金融才能成强国之本,资讯,1172,0,长和资讯
10-31 10:36,五中全会闭幕 十大惠民政策与你有关,资讯,1628,0,长和资讯
10-30 22:20,自願性公告 - 有關赫斯基能源公司公佈減值,公告,2851,0,长和资讯
10-30 10:09,创新环保共享将成未来五年重点,资讯,1296,0,长和资讯
10-29 16:38,A股跌幅收窄港股重上二万三 长和系造好,资讯,1168,0,长和资讯
10-29 04:28,数据开放共享是大数据竞争战略核心,资讯,3101,1,长和资讯
10-28 23:54,终极大考“前美多头未战先怯 ”猪友“强势,资讯,1406,0,长和资讯
10-28 12:18,央妈不易扛起增长大旗 财政政策不给力,资讯,1397,0,长和资讯
10-27 16:53,A股跌幅收窄港股重上二万三 长和系造好,资讯,1444,0,长和资讯
10-27 14:14,外交部长王毅：中日韩合作是东亚发展的动力,资讯,1858,0,长和资讯
10-26 09:53,清算李嘉诚：在中国到底赚了多少钱？,资讯,3821,1,长和资讯
10-26 08:11,清算李嘉诚：李嘉诚在中国到底赚了多少钱？,资讯,2617,0,长和资讯
10-26 05:26,“十三五”规划蓝图今起审议 稳增长宽松政,资讯,1833,1,长和资讯
10-25 10:13,专家：现在骤然实行大规模减税或许不是明智,资讯,7411,238,长和资讯
10-25 08:50,双降继续放水 利率再创新低,资讯,3189,1,长和资讯
10-24 01:18,董事会首次行使总经理选聘权 央企总经理不再是“官”,资讯,2064,0,长和资讯
10-23 15:07,环渤海发展纲要：15年内京津冀一体化基本形成,资讯,1372,0,长和资讯
10-23 11:54,长和国际实业拟购节能环保项目 大涨39%,资讯,2615,0,长和资讯
10-23 08:35,欧洲央行行长德拉吉暗示将扩大量化宽松计划,资讯,1341,0,长和资讯
10-23 01:30,创业创新助力稳增长 千亿元国家基金增动力,资讯,1693,0,长和资讯
10-22 23:35,欧央行释放超预期宽松信号 中国稳增长作用或逐步显现,资讯,2204,0,长和资讯
10-22 10:42,14省份前三季度GDP出炉 渝黔增速继续领跑,资讯,1421,0,长和资讯
10-22 09:10,各省前三季GDP陆续出炉 重庆增速第一京沪垫底,资讯,1663,0,长和资讯
10-21 12:20,北京政协建言“十三五”：推进行政区划合并,资讯,1545,0,长和资讯
10-20 15:46,深化改革的大方向不能变,资讯,1321,0,长和资讯
10-20 12:12,商务部：9月出口降幅继续收窄进口持续低迷,资讯,1819,1,长和资讯
10-20 11:19,中国旅游扶贫面临多重掣肘 应避免盲目追求高大上,资讯,1434,0,长和资讯
10-20 08:23,揭李嘉诚旗下长江实业版图：9成土地储备在内地,资讯,3180,9,长和资讯
10-20 02:50,经济温和换挡 稳增长举措或四季度显效,资讯,1386,0,长和资讯
10-19 17:06,GDP增速6年来首度“破7” 但结构性指标向好积极因素显,资讯,1382,0,长和资讯
10-19 15:35,饿了么喊“独立” 难抵新“美大”独角兽效应,资讯,1272,0,长和资讯
10-19 15:02,居民可支配收入增速“跑赢”GDP 专家：关注民生是主因,资讯,2065,0,长和资讯
10-19 14:55,再造“中国优势”,资讯,1331,0,长和资讯
10-19 05:53,2015年大公司并购很忙 中国企业并购“荷尔蒙”创新高,资讯,1695,0,长和资讯
10-19 01:14,三季度经济数据今出炉 新核算方式下首度公布GDP,资讯,3918,12,长和资讯
10-17 09:46,旅游领跌再觅新路 香港寻路“稳增长”,资讯,1589,0,长和资讯
10-17 03:46,饿了么喊“独立” 难抵新“美大”独角兽效应,资讯,1562,0,长和资讯
10-15 17:16,辉煌“十二五”：居民收入目标提前完成,资讯,1403,0,长和资讯
10-15 00:22,新旧动力切换关键期要兼顾稳增长和防风险,资讯,2239,0,长和资讯
10-15 00:16,新旧动力切换 致短期增长动力不足,资讯,1707,1,长和资讯
10-14 23:16,中方就在南海有关岛礁部署防卫性质军事设施等答问,资讯,2098,1,长和资讯
10-14 23:09,中方：南海岛礁军事设施纯属防卫性质 且有限度,资讯,1360,0,长和资讯
10-14 12:41,金融危机第三波！中国股市接下来这样走,资讯,20615,106,长和资讯
10-14 11:01,第九个五年计划（1996-2000）,资讯,7593,0,长和资讯
10-14 00:00,CK Hutchison Holdings：Buy on weakness o,研报,1700,0,长和资讯
10-13 15:46,前瞻十八届五中全会：中国未来布局16个视角,资讯,9664,4,长和资讯
10-12 16:35,发改委：推进环渤海地区与北京产业转移承接,资讯,1387,0,长和资讯
10-12 16:25,环渤海：打造中国经济增长和转型升级新引擎,资讯,1092,0,长和资讯
10-12 14:22,李嘉诚驳斥指控:减少房地产投资不等于不投,资讯,3590,1,长和资讯
10-12 13:01,融慧财经：长建提价合并电能 有利长建股价,资讯,1300,0,长和资讯
10-12 08:37,加拿大教师退休金50亿投亚股 称未被吓怕,资讯,1627,0,长和资讯
10-12 08:08,李嘉诚去哪儿：万亿资产全球52国大腾挪,资讯,3577,7,长和资讯
10-12 00:56,疲惫的巨人如何拯救全球经济,资讯,1389,0,长和资讯
10-12 00:00,新合并方案对正面，维持买入评级,研报,1841,0,长和资讯
10-10 17:25,刘世锦：中国经济再平衡要过三关 但最关键,资讯,1274,0,长和资讯
10-09 22:55,综述：2015年IMF和世界银行年会看点,资讯,1197,0,长和资讯
10-09 11:30,英国监管机构提出审核长和并购O2事宜,资讯,1922,0,长和资讯
10-09 11:13,风投私募基金踊跃介入 激发澳洲医疗创新,资讯,1542,0,长和资讯
10-09 09:59,汪涛：未来一年经济增速进一步下滑 刺激效,资讯,1173,0,长和资讯
10-09 02:41,万亿元险资助阵稳增长 圈定重大工程投资,资讯,5193,14,长和资讯
10-09 01:52,短期风险不大 基金看好“红十月”,资讯,1359,0,长和资讯
10-08 16:38,瑞银：新合并方案对长和正面 维持买入评级,资讯,1557,0,长和资讯
10-08 10:19,长实百亿建“康城8” 粉碎撤资谣言,资讯,2220,3,长和资讯
10-07 09:54,截至2015年9月30日止月份之股份發行人的證,公告,913,0,长和资讯
10-07 00:00,建議合併長江基建與電能實業 - (1) 新建議,公告,1699,0,长和资讯
10-06 08:53,内地气田刚投产 李泽钜否认撤资,资讯,1660,2,长和资讯
10-06 01:03,十大券商透视四季度行情：已出现较强筑底信,资讯,14151,235,长和资讯
10-03 03:55,政协常委唐英年：批李嘉诚言论伤中国人爱国,资讯,11207,90,长和资讯
10-02 22:45,十大券商透视四季度行情：市场已出现较强筑,资讯,7792,19,长和资讯
10-01 10:28,港股月线五连阴累泻7287点 再度大跌机会不,资讯,4256,2,长和资讯
09-30 15:59,李嘉诚回应“不爱国”质疑 引苏轼诗词表心,资讯,2574,7,长和资讯
09-30 14:05,李嘉诚回应“撤资”“不爱国”：令人不寒而,资讯,2084,0,长和资讯
09-30 13:58,李嘉诚首次回应“撤资”指责,资讯,1849,0,长和资讯
09-30 08:09,李嘉诚首次回应“撤资”与“不爱国”,资讯,3384,12,长和资讯
09-30 07:20,李嘉诚首次回应“撤资不爱国”质疑：不寒而,资讯,5283,54,长和资讯
09-30 05:12,全球股市动荡 投资者在担心什么,资讯,2395,1,长和资讯
09-28 16:56,疲惫的巨人,资讯,937,0,长和资讯
09-28 09:30,国务院批复环渤海合作发展纲要,资讯,880,0,长和资讯
09-28 03:42,机构看市：A股积极因素增多 紧盯主题投资,资讯,1686,0,长和资讯
09-28 02:41,一切为了培植经济内生增长动力机制,资讯,860,0,长和资讯
09-26 02:22,中哈模式率先行走“一带一路”——专访中国,资讯,1842,1,长和资讯
09-25 21:12,任志强：中国没有创新只有创先 外国的东西,资讯,5625,4,长和资讯
09-25 14:18,屈宏斌：“清算主义”亟待清算 再不宽松来,资讯,8736,230,长和资讯
09-25 03:35,市政与民生“小基建”将成为新投资重点,资讯,1315,1,长和资讯
09-24 18:10,家族办公室之道：法律架构设计,资讯,1277,0,长和资讯
09-24 16:58,不畏奢饰品寒冬继续扩张 范思哲将IPO提上日,资讯,1068,0,长和资讯
09-24 14:45,巨头SOHO中国放弃投资楼市！新一轮萧条周期,资讯,1507,2,长和资讯
09-24 01:45,仍处筑底过程 关注第三库存周期开启,资讯,1149,0,长和资讯
09-23 19:06,揭秘李氏父子海外版图：在英资产3900亿港元,资讯,8386,172,长和资讯
09-23 16:14,中行报告：四季度GDP增速将在7%左右,资讯,835,0,长和资讯
09-22 11:02,传长和为收购O2或出售部分网络,资讯,1644,0,长和资讯
09-21 10:51,穆迪调低法国债评级,资讯,922,0,长和资讯
09-21 02:32,治理资金“脱实向虚”为何难见实效,资讯,1024,0,长和资讯
09-19 07:27,四季度消费增长预计可达11% 成拉动经济主引擎,资讯,5833,136,长和资讯
09-19 04:33,经济四季度可望回稳潜在风险不可小觑,资讯,1097,0,长和资讯
09-18 10:57,“李嘉诚资本运作”成热点的冷思考,资讯,1149,0,长和资讯
09-18 08:38,李嘉诚跑路风波后首次表态：看好中国经济,资讯,10754,183,长和资讯
09-17 18:31,致新登記股東之信函及回條:選擇公司通訊之語言版本及,公告,999,0,长和资讯
09-17 18:31,致登記股東之通知信函及申請表格:2015年中期報告之發,公告,1103,0,长和资讯
09-17 18:31,2015年中期報告,公告,2120,1,长和资讯
09-17 18:31,致非登記持有人之通知信函及申請表格:2015年中期報告,公告,1847,1,长和资讯
09-17 16:49,李稻葵：中国不是世界资本波动的源头,资讯,1051,0,长和资讯
09-17 15:51,更多外资对在华投资信心增强,资讯,1006,0,长和资讯
09-17 08:05,发改委回应李嘉诚撤资,资讯,2755,4,长和资讯
09-16 16:28,“别让李嘉诚跑了”文章发酵 发改委回应,资讯,14723,52,长和资讯
09-16 16:19,中商联：今年社会消费品零售总额增速在11%左右,资讯,919,0,长和资讯
09-16 16:08,中商联：预计今年社会消费品零售总额增速在11%左右,资讯,1640,3,长和资讯
09-16 08:19,李嘉诚变身“李跑跑” 逃不脱这7大问题,资讯,5666,31,长和资讯
09-16 08:18,这边抛售欧洲收购 李嘉诚是怎么“跑掉的”？,资讯,20171,131,长和资讯
09-15 19:15,宏观税负在于“稳” 政府减税仍要“拼”,资讯,1248,0,长和资讯
09-15 14:41,李嘉诚长和集团否认从内地撤资：有买有卖正常事,资讯,5737,61,长和资讯
09-15 11:09,李嘉诚长和集团否认从内地撤资 称有买有卖正常事,资讯,2031,0,长和资讯
09-15 02:02,股市信心指数“逆差”过大 需从三方面校正,资讯,2912,2,长和资讯
09-14 16:33,内地专家吁“别让李嘉诚跑了” 长和：有买有卖很正常,资讯,33896,329,长和资讯
09-12 11:36,李嘉诚名下上市公司全部迁离中国 看空地产？,资讯,20112,259,长和资讯
09-12 04:46,饿了么F轮“系列”融资遭质疑 餐饮外卖O2O是伪需求？,资讯,1564,0,长和资讯
09-12 04:29,名下上市公司全部迁离中国 李嘉诚看淡地产布局全球化,资讯,7476,0,长和资讯
09-12 04:00,不要再以指数论股市,资讯,1365,0,长和资讯
09-11 15:24,“十三五”经济发展展望：保持中高速 迈向中高端,资讯,1142,0,长和资讯
09-11 08:41,贝莱德A股投资主管朱悦：蓝筹股投资价值显现 外资抄底,资讯,1516,0,长和资讯
09-11 08:32,李嘉诚“不玩了” 那么投资者应该怎么玩投资？,资讯,2971,1,长和资讯
09-11 08:09,竹中平藏：支持人民币贬值的决定 希望中国央行更独立,资讯,7607,0,长和资讯
09-11 04:32,能源行业发展模式嬗变,资讯,2432,2,长和资讯
09-11 02:25,外资抄底A股蓝筹股 看好欧洲和日本市场,资讯,29.5万,383,长和资讯
09-10 16:25,开学经济席卷电商平台 切忌将消费变浪费,资讯,1357,0,长和资讯
09-10 16:21,周小川表态A股调整到位 金融稳定力保经济平稳发展,资讯,1877,1,长和资讯
09-10 15:40,李嘉诚长和系公司热炒合并 单日市值升450亿港元,资讯,2618,2,长和资讯
09-10 00:00,维持跑赢大市评级,研报,2177,0,长和资讯
09-10 00:00,合并可令净债务减200亿,研报,2198,0,长和资讯
09-09 17:17,瑞信维持长和跑赢大市评级,资讯,1935,0,长和资讯
09-09 17:12,里昂：长建股价每涨5% 长和净资产值相应增1,资讯,1966,0,长和资讯
09-09 17:11,花旗重申长和买入评级 目标价135元,资讯,2109,0,长和资讯
09-09 17:09,摩通：长建并电能令长和负债比率降至41%,资讯,1867,0,长和资讯
09-09 17:09,大摩：合并可令长和净债务减200亿,资讯,1812,0,长和资讯
09-09 10:48,民生证券坚定911-双12中级反弹：稳增长逻辑,资讯,5127,20,长和资讯
09-08 16:41,建議合併長江基建集團有限公司與電能實業有,公告,1324,0,长和资讯
09-08 13:51,外媒：中国经济调整艰难但深化改革决心未变,资讯,1073,0,长和资讯
09-08 13:49,“地摊哥”负债500万靠借钱创业翻身,资讯,1513,0,长和资讯
09-08 09:27,安信徐彪：一点声明与白话解读国企改革《指,资讯,1310,0,长和资讯
09-08 05:59,中国多部门发声传递经济企稳信号 7%增速可,资讯,5318,105,长和资讯
09-08 03:52,张敬伟：克服“中国焦虑症”唯有信任中国改,资讯,1587,2,长和资讯
09-08 00:35,G20安卡拉峰会乐观看待中国经济前景,资讯,1213,0,长和资讯
09-07 19:01,周小川出席国际清算银行行长例会,资讯,3738,26,长和资讯
09-07 16:58,G20大咖看好中国经济前景,资讯,991,0,长和资讯
09-07 16:36,欧央行用QE“死扛”通缩？,资讯,890,1,长和资讯
09-07 14:53,德媒称日本财相大嘴批中国反挨骂：你们经济,资讯,1086,0,长和资讯
09-07 14:30,G20会议看多中国经济前景,资讯,758,0,长和资讯
09-07 14:28,楼继伟：7%增速或持续四五年 经济最大潜力,资讯,916,2,长和资讯
09-07 14:26,周小川：维护金融稳定 股市调整已大致到位,资讯,3679,2,长和资讯
09-07 12:49,未来几年放松货币政策的风险不大,资讯,850,0,长和资讯
09-07 12:36,G20承诺推动全球经济步入正轨,资讯,893,0,长和资讯
09-07 11:39,中国经济前景乐观 未来增长潜力巨大,资讯,1638,1,长和资讯
09-07 11:35,二十国财长会议周小川力挺中国股市 国际社,资讯,1258,0,长和资讯
09-07 09:54,证监会研究制定指数熔断机制方案,资讯,2154,1,长和资讯
09-07 09:15,证监会：研究指数熔断机制,资讯,7874,124,长和资讯
09-07 09:11,周小川三挺A股 “红9月”可期,资讯,1049,0,长和资讯
09-07 08:59,中国借G20会议告诉世界四句话 日本带头施压,资讯,17846,148,长和资讯
09-07 08:46,三大证券报评论：在稳定市场的基础上建设市,资讯,3700,80,长和资讯
09-07 07:58,证监会：正在研究制定实施指数熔断机制,资讯,702,0,长和资讯
09-07 06:27,中国仍将计划有序推进各项改革 政府深化改,资讯,632,0,长和资讯
09-07 06:10,周小川年内多次表态A股 股市调整到位了吗,资讯,19.4万,711,长和资讯
09-07 06:05,G20正面认可中国政策 承诺避免竞争性贬值,资讯,1284,2,长和资讯
09-07 06:02,G20聚焦美联储加息,资讯,829,1,长和资讯
09-07 05:40,G20理解中国改革 欲共阻竞争性贬值,资讯,882,0,长和资讯
09-07 03:06,7%经济增速还将持续4到5年 中国改革为G20释疑心稳军心,资讯,1576,2,长和资讯
09-07 02:07,博短差的“炒股者”越少越好,资讯,1420,3,长和资讯
09-07 01:23,央行联手证监会继续维稳 神秘资金大单托底震慑空头,资讯,3388,59,长和资讯
09-07 00:59,加息还是不加？ 耶伦陷入“数字迷宫”,资讯,1433,1,长和资讯
09-07 00:26,中国的改革故事意犹未尽,资讯,907,0,长和资讯
09-06 22:42,9月6日央视新闻联播精编 央行：中国金融市场可望更为,资讯,2220,1,长和资讯
09-06 19:57,周小川对股市进行表态 机构是这样解读的,资讯,7010,238,长和资讯
09-06 17:49,G20：没有理由担心中国经济增长放缓,资讯,5481,16,长和资讯
09-06 16:40,周小川：中国金融市场可望更稳定,资讯,1390,1,长和资讯
09-06 16:08,二十国集团财长和央行行长会议 在土耳其安卡拉举行,资讯,1024,0,长和资讯
09-06 15:36,“十三五”经济发展展望：保持中高速 迈向中高端,资讯,1129,0,长和资讯
09-06 15:25,小长假期间 这些财经事件或影响你的投资,资讯,27.3万,825,长和资讯
09-06 15:11,外媒：G20会议面临诸多挑战 含中国经济放慢,资讯,1363,1,长和资讯
09-06 14:53,楼继伟：中国经济进入新常态 不会特别在意短期波动,资讯,983,0,长和资讯
09-06 14:42,财经观察：二十国集团会议对中国经济前景表示乐观,资讯,953,0,长和资讯
09-06 13:37,G20大咖对中国经济前景表示乐观,资讯,1110,0,长和资讯
09-06 13:09,施保利通片入华后变身婴儿用药遭质疑,资讯,1035,0,长和资讯
09-06 11:04,G20财长和央行行长会议承诺加快改革提振全球经济,资讯,806,0,长和资讯
09-06 10:39,G20财长们说服中国加入货币和平协定 中国这样回答,资讯,6160,59,长和资讯
09-06 08:33,二十国集团承诺采取行动推动全球经济步入正轨,资讯,943,0,长和资讯
09-06 07:32,美媒：抛售美国国债的国家是搬起石头砸自己的脚,资讯,3181,25,长和资讯
09-06 06:50,周小川:股市调整已大致到位 金融市场望稳定,资讯,2728,28,长和资讯
09-05 12:47,G20财长央行行长聚会 IMF呼吁美联储不要加息,资讯,6011,123,长和资讯
09-05 08:27,施保利通片入华后变身婴儿用药 原产国4岁以下禁用,资讯,1251,0,长和资讯
09-04 10:27,为什么崩溃正在到来,资讯,14661,129,长和资讯
09-04 10:06,9月4日全球头条：中国汇改获美国赞誉 IMF支招美联储加,资讯,6495,176,长和资讯
09-03 17:13,外媒：中国经济有一个巨大转变无人关注 赚钱机会来了,资讯,9653,25,长和资讯
09-02 15:49,截至2015年8月31日止月份之股份發行人的證券變動月報,公告,873,0,长和资讯
09-02 10:59,经济怎样起飞,资讯,1127,0,长和资讯
08-31 18:54,去年全国发行销售彩票3823亿 分配给社保基金269亿,资讯,917,0,长和资讯
08-31 00:00,维持买入评级，看119港元,研报,1170,0,长和资讯
08-31 00:00,维持买入评级，目标价下调至139元,研报,2449,0,长和资讯
08-31 00:00,长和维持增持评级，目标价上调至123元,研报,2019,0,长和资讯
08-30 08:39,透过李嘉诚公司业绩看全球经济形势,资讯,1659,0,长和资讯
08-27 16:38,解析海外资产配置,资讯,1607,0,长和资讯
08-27 00:00,业绩焦点：长和,研报,2058,0,长和资讯
08-26 08:41,长和发首份中报 李嘉诚料内地经济在合理区,资讯,2415,3,长和资讯
08-26 01:48,去哪儿继续烧钱抢市场 二季度亏损8.2亿,资讯,1012,0,长和资讯
08-25 17:33,截至2015年6月30日止六個月之未經審核業績,公告,943,0,长和资讯
08-25 17:14,李嘉诚：长和重组後协同效应提升 对业务前,资讯,2797,1,长和资讯
08-25 14:40,三体：一部科幻小说为何在创业群体里这么火,资讯,1504,0,长和资讯
08-25 13:37,去哪儿网Q2酒店间夜量增速高达145.2%,资讯,1446,0,长和资讯
08-25 09:20,去哪儿公布二季度财报 营收同比增120%,资讯,955,0,长和资讯
08-25 03:22,国航高原航线安全飞行50年 以航空优势助力,资讯,1601,3,长和资讯
08-21 15:34,日韩股市重挫 日股跌近3%跌破2万关口,资讯,7904,103,长和资讯
08-21 15:04,美银美林：市场将很快面对“终极风险”,资讯,7485,60,长和资讯
08-21 02:01,李嘉诚大幅卖股套现 李泽钜替父发声有何考,资讯,5666,0,长和资讯
08-20 17:35,优酷土豆第二季度净亏损3.42亿元 同比扩大,资讯,966,0,长和资讯
08-20 11:00,FDI全年增势料难改变,资讯,860,0,长和资讯
08-20 10:20,报告称2014年中国宏观税负达37% 高不高？,资讯,994,0,长和资讯
08-20 04:17,低通胀美联储头痛不已 非美反攻黄金强破113,资讯,1553,1,长和资讯
08-19 22:29,政策性出口信用保险再发力 服务外贸稳增长,资讯,1285,0,长和资讯
08-19 17:06,境外仲裁当避七大误区,资讯,876,0,长和资讯
08-19 04:04,面对双重下行  周期叠加去杠杆大有讲究,资讯,1634,3,长和资讯
08-18 14:58,教育O2O进入红海 传统教育难以为继,资讯,965,0,长和资讯
08-17 16:07,亚太区房地产融资渠道生变,资讯,1123,0,长和资讯
08-17 12:55,亿滋中国业绩增长放缓 “瘦身”求脱围,资讯,1409,1,长和资讯
08-17 10:45,第二届澳中战略经济对话成功举办 聚焦基建,资讯,1078,0,长和资讯
08-14 11:35,支持企业“走出去” 政策性出口信用保险再,资讯,1899,1,长和资讯
08-13 17:41,董事會會議召開日期,公告,985,0,长和资讯
08-13 13:01,非开行行长卡贝鲁卡: 中国G20峰会应关注增,资讯,1658,0,长和资讯
08-11 14:00,管清友详解中国经济改革红利来自哪里,资讯,945,0,长和资讯
08-11 10:59,外汇储备年内减少逾1600亿美元,资讯,1032,0,长和资讯
08-07 00:00,长和整合意业务关注执行力，重申增持,研报,880,0,长和资讯
08-07 00:00,长和重申跑赢大市评级，目标至146元,研报,2091,1,长和资讯
08-06 20:21,須予披露的交易 - 3 ITALIA S.P.A.與 WIND ,公告,1228,0,长和资讯
08-05 16:16,截至2015年7月31日止月份之股份發行人的證,公告,902,0,长和资讯
07-31 15:26,李嘉诚200亿元转手上海世纪汇？长和实业尚,资讯,1905,0,长和资讯
07-31 08:02,致股東信函及回條 - 選擇公司通訊之語言版,公告,940,0,长和资讯
07-31 08:02,選擇公司通訊之語言版本及收取方式,公告,977,0,长和资讯
07-23 00:00,前景向好，推荐,研报,1935,0,长和资讯
07-19 08:24,内港股市一周流出500亿 或与外资沽货有关,资讯,1978,2,长和资讯
07-17 10:42,长和71亿股份转至信托 意味李嘉诚分身家？,资讯,2287,0,长和资讯
07-14 00:00,升长和评级至“买入”，目标价上调至136元,研报,596,0,长和资讯
07-13 17:11,里昂升长和评级至买入 目标价上调至136元,资讯,1843,0,长和资讯
07-06 18:31,截至2015年6月30日止月份之股份發行人的證,公告,894,0,长和资讯
07-06 00:00,下调目标价至140元，重申买入评级,研报,611,0,长和资讯
07-01 00:00,首予持有评级，目标价118元,研报,478,0,长和资讯
06-24 08:18,李嘉诚否认从香港撤资：有买有卖正常事(图),资讯,1426,0,长和资讯
06-24 06:04,部分外资机构：H股估值更具优势,资讯,1458,0,长和资讯
06-23 19:09,2015年6月23日舉行之股東週年大會 - 投票表,公告,1141,0,长和资讯
06-10 00:00,给予买入评级，目标价135元,研报,474,0,长和资讯
06-09 20:36,摩根大通增持长和1亿股 耗资187亿港币,资讯,2141,0,长和资讯
06-09 10:48,瑞银给予长和买入评级 目标价135元,资讯,2293,1,长和资讯
06-04 19:24,持續關連交易,公告,1127,0,长和资讯
06-04 14:01,长和公布高层变动 李泽巨任联席董事总经理,资讯,1494,0,长和资讯
06-04 09:05,长和系重组落幕 内地策略成新公司焦点,资讯,1349,0,长和资讯
06-04 08:21,翌日披露報表,公告,945,0,长和资讯
06-04 01:27,4201亿港元地产帝国出世 李嘉诚长和系世纪,资讯,1784,1,长和资讯
06-04 00:00,长和恢复买入评级，目标价142元,研报,510,0,长和资讯
06-03 18:30,美银美林恢复长和买入评级 目标价142元,资讯,1286,0,长和资讯
06-03 13:19,聯合公告 - 併購方案及分拆上市方案: 完成,公告,1233,0,长和资讯
06-03 13:11,董事名單及其角色與職能,公告,932,0,长和资讯
06-02 23:09,截至二零一五年五月三十一日止月份之股份發,公告,895,0,长和资讯
06-01 21:49,摩根大通减持长和1205万股 套现20亿港币,资讯,1365,0,长和资讯
05-29 18:00,大摩给予长和新目标价124元 重申增持评级,资讯,1819,1,长和资讯
05-28 00:00,长和首予买入评级，目标价126元,研报,490,0,长和资讯
05-27 18:05,告别37载上市生涯和黄将并入长和,资讯,2047,0,长和资讯
05-27 14:41,长和分派实物股份今日除权前收价为N/A,资讯,2430,0,长和资讯
05-27 11:16,长和股价除权重组步入尾声 和黄停牌待退市,资讯,2179,0,长和资讯
05-27 10:38,摩通：长和除权后予目标价122元 铺路再获升,资讯,2083,0,长和资讯
05-21 15:03,长和“峻滢II”首批182伙 入场费580.8万,资讯,1248,0,长和资讯
05-21 00:00,下调目标价至122元，维持增持,研报,854,0,长和资讯
05-21 00:00,股東週年大會通告,公告,1655,0,长和资讯
05-21 00:00,股東週年大會通告、重選退席董事、董事酬金,公告,1418,0,长和资讯
05-20 15:47,李嘉诚旗下长和系重组第二阶段计划获法院通,资讯,1166,0,长和资讯
05-20 15:43,摩通下调长和目标价至122元 维持增持,资讯,1465,0,长和资讯
05-19 15:09,李嘉诚旗下和黄与长和重组获法院认许 19日,资讯,1168,0,长和资讯
05-19 13:19,交易所通告 - 復牌,公告,1052,0,长和资讯
05-19 10:19,交易所通告 - 短暫停牌,公告,1015,0,长和资讯
05-19 10:19,短暫停牌,公告,1047,0,长和资讯
05-11 14:06,投資者簡報,公告,1202,0,长和资讯
05-08 10:31,非登記持有人適用之申請表格,公告,911,0,长和资讯
05-08 10:31,致登記持有人之通知信函 - 長江實業地產有,公告,1238,0,长和资讯
05-08 09:06,致非登記持有人之通知信函 - 長江實業地產,公告,922,0,长和资讯
05-08 09:06,登記持有人適用之申請表格,公告,798,0,长和资讯
05-08 08:20,致股東之信函 - 有關長江實業地產有限公司,公告,1265,0,长和资讯
05-08 08:20,併購方案及分拆上市方案 - (1) 有條件批准,公告,1162,0,长和资讯
05-06 12:25,截至二零一五年四月三十日止月份之股份發行,公告,816,0,长和资讯
05-05 10:06,汇金入股长和国际暴涨 知情人称建行所为引,资讯,1086,0,长和资讯
05-05 10:02,汇金入股 长和国际暴涨,资讯,1162,0,长和资讯
05-04 14:34,汇金增持港股长和国际 该股股价翻番,资讯,1985,2,长和资讯
04-30 19:03,长和澄清长江实业地产无缩减银贷规模,资讯,999,0,长和资讯
04-30 10:14,二零一四年年報,公告,1249,0,长和资讯
04-30 08:57,致登記持有人之通知信函 - 有關二零一四年,公告,858,0,长和资讯
04-30 08:56,登記持有人適用之申請表格,公告,986,0,长和资讯
04-30 08:56,致非登記持有人之通知信函 - 有關二零一四,公告,673,0,长和资讯
04-30 08:54,非登記持有人適用之申請表格,公告,728,0,长和资讯
04-24 16:10,长和投西贡住宅地 暂收至少12标,资讯,4422,0,长和资讯
04-24 11:34,长和重组背后隐藏的真实信息：李嘉诚的英伦梦,资讯,1868,0,长和资讯
04-22 08:42,李嘉诚旗下长和系重组方案高票通过,资讯,1144,0,长和资讯
04-21 17:08,李嘉诚：对长和重组有信心 如不当首富会高兴,资讯,1405,0,长和资讯
04-21 17:02,花旗：长和通过重组 重申买入看184.35元,资讯,1401,0,长和资讯
04-21 13:25,交易所通告 - 復牌,公告,1060,0,长和资讯
04-21 11:36,长和系重组获高票通过 李嘉诚蝉联福布斯首富,资讯,1234,0,长和资讯
04-21 10:35,长和系昨召开特别股东大会投票 李嘉诚称有信心,资讯,1201,0,长和资讯
04-20 13:47,长和及和黄表决合并 李嘉诚称应该有信心,资讯,1358,0,长和资讯
04-20 10:23,交易所通告 - 短暫停牌,公告,1173,0,长和资讯
04-16 19:32,摩根大通增持长和229万股 耗资3亿港币,资讯,1294,0,长和资讯
04-08 18:31,长和致蓝天迅销740伙 长假新盘成交820宗,资讯,1579,0,长和资讯
04-02 21:37,截至二零一五年三月三十一日止月份之股份發行人的證券,公告,1227,0,长和资讯
04-01 10:35,长和启世纪重组第二步 和黄6月3日撤销上市地位,资讯,1701,0,长和资讯
03-31 21:37,聯合投資者簡報,公告,1455,0,长和资讯
03-31 14:14,併購方案 - (a)建議就和黃集團收購6.24%赫斯基已發行,公告,1485,0,长和资讯
03-31 11:44,併購方案 - 寄發和黃計劃文件及寄發長和通函,公告,1316,0,长和资讯
03-31 11:44,(1)併購方案 - (A)建議根據公司條例以和記黃埔有限公,公告,1339,0,长和资讯
03-31 11:41,股東特別大會代表委任表格,公告,1266,0,长和资讯
03-31 11:39,股東特別大會通告,公告,1369,0,长和资讯
03-31 10:30,非登記持有人適用之申請表格,公告,1273,0,长和资讯
03-31 10:30,致非登記持有人之通知信函 - (1)日期為二零一五年三月,公告,1161,0,长和资讯
03-31 10:29,登記持有人適用之申請表格,公告,1175,0,长和资讯
03-31 10:29,致登記持有人之通知信函 - (1)日期為二零一五年三月三,公告,1282,0,长和资讯
03-30 08:20,李嘉诚长和重组第二波将表决 审议收购和黄方案,资讯,1468,0,长和资讯
03-28 09:22,併購方案 - 有關釐定出席股東特別大會並於會上表決的,公告,1327,0,长和资讯
03-25 20:16,摩根大通增持长和1亿股 耗资169亿港币,资讯,1522,0,长和资讯
03-24 00:00,维持买入评级，目标价上调至178.52元,研报,662,0,长和资讯
03-19 08:43,长和系世纪重组开门红 未入港股通十大成交,资讯,1462,0,长和资讯
03-19 08:20,李嘉诚旗下长和挂牌首日涨近1%,资讯,1444,0,长和资讯
03-18 14:03,達成 (1) 一項完成赫斯基股份交換的先決條,公告,1301,0,长和资讯
03-18 14:02,重組方案-以協議安排方式將本集團的控股公,公告,1322,0,长和资讯
03-18 09:32,審核委員會之職權範圍,公告,1191,0,长和资讯
03-18 09:32,薪酬委員會之職權範圍,公告,1202,0,长和资讯
03-18 08:31,董事名單與其角色及職能,公告,1656,0,长和资讯
03-18 08:31,經修訂及重列組織章程大綱及細則,公告,1252,0,长和资讯
03-18 08:31,分拆上市方案-建議長江實業地產有限公司分,公告,2287,0,长和资讯
03-13 21:10,長江和記實業有限公司全部已發行股本以介紹,公告,2833,0,长和资讯
03-12 10:58,长江实业昨日退市 上市42年市值增2813倍,资讯,2684,0,长和资讯
03-12 08:13,长江实业从港股退市 上市42年市值暴增2813,资讯,1732,0,长和资讯
03-11 09:15,长江实业今日港股收市后终止交易,资讯,1601,0,长和资讯
03-11 08:10,李嘉诚旗下长江实业从香港除牌 已上市近半,资讯,2124,0,长和资讯
03-11 08:05,长江实业从港股退市：42年市值暴增2813倍,资讯,2163,0,长和资讯
03-10 20:06,重組方案 - 以協議安排方式將本集團的控股,公告,1394,0,长和资讯
03-10 08:08,别了长实：长江实业今日港股收市后终止交易,资讯,1636,0,长和资讯
03-09 15:41,就本公司若干持續關連交易應用上市規則第14,公告,1175,0,长和资讯
03-09 15:41,致現有股東之通知信函,公告,1521,0,长和资讯
03-09 15:39,二零一零年度中期業績,公告,1623,0,长和资讯
03-09 15:39,致新股東信函 - 關於日後收取公司通訊的指,公告,1376,0,长和资讯
03-09 15:39,建議於股東週年大會上選舉董事、建議授權董,公告,1370,0,长和资讯
03-09 15:39,截至二零一零年七月三十一日止月份之股份發,公告,1474,0,长和资讯
03-09 15:38,截至二零一零年六月三十日止月份之股份發行,公告,1146,0,长和资讯
03-09 15:38,董事會召開日期,公告,1139,0,长和资讯
03-09 15:38,截至二零一零年五月三十一日止月份之股份發,公告,1402,0,长和资讯
03-09 15:38,二零一零年五月二十七日舉行之股東週年大會,公告,1457,0,长和资讯
03-09 15:37,截至二零一零年四月三十日止月份之股份發行,公告,1174,0,长和资讯
03-09 15:37,股東週年大會通告,公告,1199,0,长和资讯
03-09 15:37,回條,公告,1207,0,长和资讯
03-09 15:37,致新股東之函件 - 關於日後收取公司通訊的,公告,1178,0,长和资讯
03-09 15:37,代表委任表格,公告,1224,0,长和资讯
03-09 15:37,致現有股東之函件 - 選擇收取公司通訊之語,公告,1294,0,长和资讯
03-09 15:36,回條,公告,1683,0,长和资讯
03-09 15:36,致股東信函 - 選擇公司通訊之收取方式及語,公告,1488,0,长和资讯
03-09 15:36,選擇公司通訊之收取方式及語言版本,公告,1128,0,长和资讯
03-09 15:36,截至二零一零年十二月三十一日止月份之股份,公告,1072,0,长和资讯
03-09 15:36,董事會召開日期,公告,1103,0,长和资讯
03-09 15:36,截至二零一一年一月三十一日止月份之股份發,公告,1846,0,长和资讯
03-09 15:36,截至二零一零年十一月三十日止月份之股份發,公告,1432,0,长和资讯
03-09 15:35,截至二零一零年十月三十一日止月份之股份發,公告,1732,0,长和资讯
03-09 15:34,截至二零一零年九月三十日止月份之股份發行,公告,1542,0,长和资讯
03-09 15:33,二零一零年度全年業績,公告,1101,0,长和资讯
03-09 15:32,截至二零一一年二月二十八日止月份之股份發,公告,2267,0,长和资讯
03-09 15:31,截至二零一一年三月三十一日止月份之股份發,公告,1576,0,长和资讯
03-09 15:31,截至二零一零年八月三十一日止月份之股份發行人的證券,公告,776,0,长和资讯
03-09 15:31,致現有股東之通知信函 - 二零一零年度中期報告已在網,公告,963,0,长和资讯
03-09 15:31,回條,公告,1238,0,长和资讯
03-09 15:31,二零一零年度中期報告,公告,1127,0,长和资讯
03-09 15:31,建議於股東週年大會上選舉董事、建議授權董事會發行新,公告,884,0,长和资讯
03-09 15:31,股東週年大會通告,公告,1040,0,长和资讯
03-09 15:30,代表委任表格,公告,1081,0,长和资讯
03-09 14:13,截至二零一一年十一月三十日止月份之股份發行人的證券,公告,681,0,长和资讯
03-09 14:13,截至二零一一年十月三十一日止月份之股份發行人的證券,公告,697,0,长和资讯
03-09 14:12,截至二零一一年九月三十日止月份之股份發行人的證券變,公告,725,0,长和资讯
03-09 14:12,截至二零一一年八月三十一日止月份之股份發行人的證券,公告,794,0,长和资讯
03-09 14:12,二零一一年度中期業績,公告,703,0,长和资讯
03-09 14:12,非登記持有人適用之申請表格,公告,703,0,长和资讯
03-09 14:12,致非登記持有人之通知信函 - 有關(1) 二零一零年年報,公告,670,0,长和资讯
03-09 14:12,登記持有人適用之申請表格,公告,1013,0,长和资讯
03-09 14:10,致登記持有人之通知信函 - 有關(1) 二零一零年年報、(,公告,699,0,长和资讯
03-09 14:10,截至二零一一年四月三十日止月份之股份發行人的證券變,公告,1001,0,长和资讯
03-09 14:10,二零一一年五月二十日舉行之股東週年大會 - 投票表決,公告,759,0,长和资讯
03-09 14:10,截至二零一一年五月三十一日止月份之股份發行人的證券,公告,983,0,长和资讯
03-09 14:10,董事會召開日期,公告,1057,0,长和资讯
03-09 14:10,截至二零一一年六月三十日止月份之股份發行人的證券變,公告,1090,0,长和资讯
03-09 14:10,截至二零一一年七月三十一日止月份之股份發行人的證券,公告,977,0,长和资讯
03-09 14:09,二零一零年年報,公告,1018,0,长和资讯
03-09 14:09,致登記持有人之通知信函 – 有關二零一一年度中期報告,公告,1155,0,长和资讯
03-09 14:09,二零一一年度中期報告,公告,1032,0,长和资讯
03-09 14:09,登記持有人適用之申請表格,公告,1048,0,长和资讯
03-09 14:09,致非登記持有人之通知信函 - 有關二零一一年度中期報,公告,1016,0,长和资讯
03-09 14:09,非登記持有人適用之申請表格,公告,1488,0,长和资讯
03-09 14:09,組織章程大綱及細則,公告,2016,0,长和资讯
03-09 14:09,審核委員會之職權範圍,公告,1130,0,长和资讯
03-09 14:09,董事名單與其角色及職能,公告,670,0,长和资讯
03-09 14:09,截至二零一二年六月三十日止月份之股份發行人的證券變,公告,599,0,长和资讯
03-09 14:09,截至二零一二年二月二十九日止月份之股份發行人的證券,公告,1051,0,长和资讯
03-09 14:09,薪酬委員會之職權範圍,公告,746,0,长和资讯
03-09 14:09,截至二零一一年十二月三十一日止月份之股份發行人的證,公告,595,0,长和资讯
03-09 14:09,截至二零一二年一月三十一日止月份之股份發行人的證券,公告,675,0,长和资讯
03-09 14:09,董事會召開日期,公告,1238,0,长和资讯
03-09 14:09,二零一一年度全年業績,公告,652,0,长和资讯
03-09 14:09,截至二零一二年三月三十一日止月份之股份發行人的證券,公告,605,0,长和资讯
03-09 14:09,致非登記持有人之通知信函 – 有關 (1) 二零一一年年,公告,716,0,长和资讯
03-09 14:09,登記持有人適用之申請表格,公告,629,0,长和资讯
03-09 14:09,致登記持有人之通知信函 – 有關 (1) 二零一一年年報,公告,875,0,长和资讯
03-09 14:09,代表委任表格,公告,579,0,长和资讯
03-09 14:09,建議於股東週年大會上選舉董事、建議委任新核數師、建,公告,2144,0,长和资讯
03-09 14:08,截至二零一二年四月三十日止月份之股份發行人的證券變,公告,1169,0,长和资讯
03-09 14:08,截至二零一二年五月三十一日止月份之股份發行人的證券,公告,397,0,长和资讯
03-09 14:08,二零一一年年報,公告,621,0,长和资讯
03-09 14:08,建議委任新核數師,公告,606,0,长和资讯
03-09 14:08,非登記持有人適用之申請表格,公告,576,0,长和资讯
03-09 14:08,登記持有人適用之申請表格,公告,872,0,长和资讯
03-09 14:08,二零一二年度中期報告,公告,1123,0,长和资讯
03-09 14:08,致登記持有人之通知信函 – 有關二零一二年度中期報告,公告,835,0,长和资讯
03-09 14:08,截至二零一二年七月三十一日止月份之股份發行人的證券,公告,601,0,长和资讯
03-09 14:08,股東週年大會通告,公告,1019,0,长和资讯
03-09 14:07,二零一二年五月二十五日舉行之股東週年大會 - 投票表,公告,321,0,长和资讯
03-09 14:07,董事會召開日期,公告,544,0,长和资讯
03-09 14:07,關連交易 – 成立一間合營企業,公告,505,0,长和资讯
03-09 14:07,二零一二年度中期業績,公告,587,0,长和资讯
03-09 14:07,公告 - 建議出售酒店套房業務及將其於聯交所主板作獨,公告,612,0,长和资讯
03-09 14:07,公告 - 建議出售酒店套房業務及將其於聯交所主板作獨,公告,576,0,长和资讯
03-09 14:07,截至二零一二年十月三十一日止月份之股份發行人的證券,公告,701,0,长和资讯
03-09 14:07,截至二零一二年八月三十一日止月份之股份發行人的證券,公告,804,0,长和资讯
03-09 14:07,公告 - 建議出售酒店套房業務及將其於香港聯合交易所,公告,390,0,长和资讯
03-09 14:07,截至二零一二年九月三十日止月份之股份發行人的證券變,公告,602,0,长和资讯
03-09 11:48,非登記持有人適用之申請表格,公告,590,0,长和资讯
03-09 11:48,致非登記持有人之通知信函 - 有關二零一二年度中期報,公告,326,0,长和资讯
03-09 11:48,截至二零一二年十一月三十日止月份之股份發行人的證券,公告,344,0,长和资讯
03-06 19:58,重組方案 - 以協議安排方式將本集團的控股公司由長江,公告,718,0,长和资讯
03-04 08:26,截至二零一五年二月二十八日止月份之股份發行人的證券,公告,656,0,长和资讯
03-03 00:00,2014年净利润同比大增53%，符合我们的预测,研报,879,0,长和资讯
03-02 00:00,长江实业升目标价至184.35元，评级买入,研报,568,0,长和资讯
02-27 10:48,长江实业去年内地收入大幅萎缩,资讯,843,0,长和资讯
02-27 09:02,长江实业去年纯利增长53% 好于市场预期,资讯,931,0,长和资讯
02-27 00:00,业绩焦点,研报,782,0,长和资讯
02-26 17:24,二零一四年度全年業績,公告,900,0,长和资讯
02-25 14:29,交易所通告 - 復牌,公告,741,0,长和资讯
02-25 14:29,董事名單與其角色及職能,公告,779,0,长和资讯
02-25 13:19,董事會召開日期,公告,677,0,长和资讯
02-25 13:19,截至二零一二年十二月三十一日止月份之股份發行人的證,公告,684,0,长和资讯
02-25 13:19,截至二零一三年一月三十一日止月份之股份發行人的證券,公告,657,0,长和资讯
02-25 10:50,非執行董事之委任,公告,749,0,长和资讯
02-25 09:15,短暫停牌,公告,976,0,长和资讯
02-25 09:15,交易所通告 - 短暫停牌,公告,736,0,长和资讯
02-17 00:00,料全年核心盈利升13%，不计和黄则跌13%,研报,841,0,长和资讯
02-13 19:23,預期寄發和黃計劃文件的日期,公告,866,0,长和资讯
02-10 20:27,董事會召開日期,公告,695,0,长和资讯
02-06 07:53,股東大會代表委任表格,公告,833,0,长和资讯
02-06 07:53,股東大會通告,公告,965,0,长和资讯
02-06 07:53,法院指令股東大會通告,公告,1397,0,长和资讯
02-06 07:53,日期為二零一五年二月六日之重組方案 - 以,公告,1022,0,长和资讯
02-06 07:53,法院指令股東大會代表委任表格,公告,933,0,长和资讯
02-06 07:53,公告 - 重組方案 - 以協議安排方式將本集團,公告,908,0,长和资讯
02-04 08:06,截至二零一五年一月三十一日止月份之股份發,公告,757,0,长和资讯
01-28 07:46,關連交易 - 股份認購及成立合資企業,公告,957,0,长和资讯
01-14 00:00,将合并和记黄埔并剥离地产业务,研报,1816,0,长和资讯
01-09 18:09,1. 以協議安排方式將長實集團的控股公司由,公告,2331,0,长和资讯
01-06 07:55,截至二零一四年十二月三十一日止月份之股份,公告,1554,1,长和资讯
12-25 00:00,投得两年来首个地块,研报,1470,0,长和资讯
12-03 08:25,截至二零一四年十一月三十日止月份之股份發,公告,1108,0,长和资讯
11-05 07:49,截至二零一四年十月三十一日止月份之股份發,公告,1132,0,长和资讯
11-05 07:46,有關飛機收購之須予披露交易,公告,1185,0,长和资讯
10-07 21:06,截至二零一四年九月三十日止月份之股份發行,公告,1329,0,长和资讯
09-05 19:00,自願披露 - 有關合營公司提出要約收購 ENVE,公告,1472,0,长和资讯
09-03 21:33,截至二零一四年八月三十一日止月份之股份發,公告,1225,0,长和资讯
08-14 21:28,二零一四年度中期報告,公告,2069,0,长和资讯
08-14 21:28,致登記持有人之通知信函 - 有關二零一四年,公告,1325,0,长和资讯
08-14 21:28,登記持有人適用之申請表格,公告,1407,0,长和资讯
08-14 21:26,致非登記持有人之通知信函 - 有關二零一四,公告,1172,0,长和资讯
08-14 21:26,非登記持有人適用之申請表格,公告,1207,0,长和资讯
08-07 20:58,自願披露 - 有關合營公司提出要約收購 Enve,公告,2375,1,长和资讯
08-04 21:45,截至二零一四年七月三十一日止月份之股份發,公告,1140,0,长和资讯
08-04 09:24,內幕消息,公告,2189,1,长和资讯
08-01 00:00,业绩焦点,研报,799,0,长和资讯
07-31 18:03,二零一四年度中期業績,公告,3018,2,长和资讯
07-03 21:59,截至二零一四年六月三十日止月份之股份發行,公告,2579,3,长和资讯
06-27 19:36,董事會召開日期,公告,1449,0,长和资讯
06-05 08:43,截至二零一四年五月三十一日止月份之股份發,公告,1464,0,长和资讯
05-30 09:18,成立合營公司,公告,1887,0,长和资讯
05-24 10:40,組織章程細則,公告,2541,0,长和资讯
05-24 10:37,二零一四年五月十六日舉行之股東週年大會 - 投票表決,公告,4232,7,长和资讯
05-24 10:19,截至二零一四年四月三十日止月份之股份發行人的證券變,公告,2621,2,长和资讯
05-24 10:17,購入ENVESTRA LIMITED之不具約束有條件建議,公告,1481,0,长和资讯
05-24 08:56,淡馬錫完成於A.S. Watson Holdings Limited之24.95%間,公告,2296,0,长和资讯
05-24 08:46,截至二零一四年一月三十一日止月份之股份發行人的證券,公告,2899,3,长和资讯
05-24 08:23,截至二零一四年二月二十八日止月份之股份發行人的證券,公告,2593,2,长和资讯
05-24 08:10,截至二零一四年三月三十一日止月份之股份發行人的證券,公告,1237,0,长和资讯
05-24 07:57,致登記持有人之通知信函 – 有關 (1) 二零一三年年報,公告,2108,0,长和资讯
05-24 07:57,建議於股東週年大會上選舉董事、建議授權董事會發行新,公告,2107,0,长和资讯
05-24 07:57,致非登記持有人之通知信函 – 有關 (1) 二零一三年年,公告,1653,0,长和资讯
05-24 07:57,登記持有人適用之申請表格,公告,1613,0,长和资讯
05-24 07:57,非登記持有人適用之申請表格,公告,1624,0,长和资讯
05-24 07:57,股東週年大會通告,公告,1890,0,长和资讯
05-24 07:56,代表委任表格,公告,1752,0,长和资讯
05-24 07:55,二零一三年年報,公告,2880,0,长和资讯
05-24 07:09,內幕消息 - 屈臣氏有限公司零售業務策略檢討及淡馬錫,公告,1652,0,长和资讯
05-24 06:28,二零一三年度全年業績,公告,1556,0,长和资讯
05-24 05:50,截至二零一三年十一月三十日止月份之股份發行人的證券,公告,1160,0,长和资讯
05-24 05:49,截至二零一三年十二月三十一日止月份之股份發行人的證,公告,1325,0,长和资讯
05-24 05:26,董事會召開日期,公告,1829,0,长和资讯
05-24 05:05,董事會召開日期,公告,1714,0,长和资讯
05-24 04:09,截至二零一三年十月三十一日止月份之股份發行人的證券,公告,1626,0,长和资讯
05-24 02:33,截至二零一三年九月三十日止月份之股份發行人的證券變,公告,1011,0,长和资讯
05-24 00:50,二零一三年五月二十一日舉行之股東週年大會 - 投票表,公告,1093,0,长和资讯
05-24 00:44,根據上市規則第13.09(2)(a)條及證券及期貨條例第XIVA,公告,1444,0,长和资讯
05-24 00:33,截至二零一三年五月三十一日止月份之股份發行人的證券,公告,1367,0,长和资讯
05-24 00:30,董事名單與其角色及職能,公告,1370,0,长和资讯
05-24 00:30,截至二零一三年四月三十日止月份之股份發行人的證券變,公告,2659,0,长和资讯
05-24 00:18,截至二零一三年六月三十日止月份之股份發行人的證券變,公告,1163,0,长和资讯
05-23 23:55,截至二零一三年七月三十一日止月份之股份發行人的證券,公告,1302,0,长和资讯
05-23 23:47,截至二零一三年八月三十一日止月份之股份發行人的證券,公告,1853,0,长和资讯
05-23 21:54,非登記持有人適用之申請表格,公告,1350,0,长和资讯
05-23 21:54,致登記持有人之通知信函 - 有關二零一三年度中期報告,公告,1383,0,长和资讯
05-23 21:54,登記持有人適用之申請表格,公告,1542,0,长和资讯
05-23 21:54,致非登記持有人之通知信函 - 有關二零一三年度中期報,公告,1180,0,长和资讯
05-23 21:54,二零一三年度中期報告,公告,2202,0,长和资讯
05-23 21:39,進一步公告 - 關連交易 - 成立一間合營企業,公告,1043,0,长和资讯
05-23 21:34,二零一三年度中期業績,公告,1876,0,长和资讯
05-23 21:00,董事會召開日期,公告,1696,0,长和资讯
05-23 20:48,關連交易 - 成立一間合營企業（1038）,公告,1564,0,长和资讯
03-02 00:00,业绩焦点,研报,115,0,长和资讯
03-26 00:00,二零零八年度全年業績,公告,54,0,长和资讯
03-27 00:00,二零零七年度全年業績,公告,52,0,长和资讯
